profile,records,workload,runs,operations,original_total_ns,current_total_ns,latency_delta_pct,latency_class,original_min_ns,original_max_ns,current_min_ns,current_max_ns,original_ns_per_op,current_ns_per_op,original_ops_per_sec,current_ops_per_sec,original_peak_rss,current_peak_rss,rss_delta_pct,memory_regression,original_fixture_bytes,current_fixture_bytes,fixture_delta_pct,size_regression,original_nodes_read,current_nodes_read,original_nodes_written,current_nodes_written,original_bytes_read,current_bytes_read,original_bytes_written,current_bytes_written,io_regression,original_tree_bytes,current_tree_bytes,original_node_payload,current_node_payload,original_num_nodes,current_num_nodes,original_height,current_height,original_entries,current_entries
full,1000,append_batch_upserts,5,100,942041,855333,-9.204,noise-sensitive,671917,1244417,765083,957667,9420.410,8553.330,106152.492,116913.530,4521984,4407296,-2.536,false,69632,86016,23.529,false,2,2,2,2,9151,3573,13263,7687,false,45573,46200,54724,49773,5,8,1,1,1100,1100
full,1000,append_disjoint_sparse_merge,5,100,651917,386625,-40.694,noise-sensitive,609125,770584,343542,464167,6519.170,3866.250,153393.760,258648.561,4980736,4636672,-6.908,false,102400,102400,0.000,false,6,6,2,2,31567,14833,13263,7687,false,45573,46200,77140,61033,5,8,1,1,1100,1100
full,1000,append_sparse_diff,5,100,138417,69041,-50.121,noise-sensitive,128417,175917,65042,71667,1384.170,690.410,722454.612,1448414.710,4603904,4456448,-3.203,false,102400,118784,16.000,false,4,4,0,0,22414,11260,0,0,false,45573,46200,54724,49773,5,8,1,1,1100,1100
full,1000,clustered_batch_deletes,5,100,499375,605750,21.302,noise-sensitive,454125,817292,548333,764167,4993.750,6057.500,200250.313,165084.606,4374528,4407296,0.749,false,65536,81920,25.000,false,2,4,2,2,12523,23773,8413,3491,true,37351,37974,49874,45577,5,8,1,1,900,900
full,1000,clustered_batch_updates,5,100,671833,586958,-12.633,noise-sensitive,590583,1425458,419000,814542,6718.330,5869.580,148846.514,170369.941,4423680,4325376,-2.222,false,69632,86016,23.529,false,3,3,2,2,21484,10814,12523,7603,false,41461,42086,53984,49689,5,8,1,1,1000,1000
full,1000,clustered_conflict_resolved_merge,5,50,241167,118750,-50.760,noise-sensitive,226542,287709,107459,125791,4823.340,2375.000,207325.214,421052.632,4603904,4554752,-1.068,false,90112,94208,4.545,false,6,6,0,0,37569,22809,0,0,false,41461,42086,66507,57292,5,8,1,1,1000,1000
full,1000,clustered_delete_diff,5,100,147625,69459,-52.949,noise-sensitive,131834,154875,64417,88583,1476.250,694.590,677392.041,1439698.239,4423680,4489216,1.481,false,98304,114688,16.667,false,4,4,0,0,20936,11094,0,0,false,37351,37974,49874,45577,5,8,1,1,900,900
full,1000,clustered_disjoint_sparse_merge,5,100,526542,351083,-33.323,noise-sensitive,460709,636958,342542,423084,5265.420,3510.830,189918.373,284832.931,4653056,4521984,-2.817,false,102400,102400,0.000,false,6,6,2,2,37569,22809,12523,7603,false,41461,42086,79030,64895,5,8,1,1,1000,1000
full,1000,clustered_reads_cold_manager,5,1000000,624821000,414735416,-33.623,material gain,548680458,749283292,409682708,475299584,624.821,414.735,1600458.371,2411175.804,3981312,3997696,0.412,false,90112,102400,13.636,false,5,8,0,0,41461,42086,0,0,true,41461,42086,41461,42086,5,8,1,1,1000,1000
full,1000,clustered_reads_warm_manager,5,1000000,642853834,425829541,-33.760,material gain,545890916,730173208,408788791,484399541,642.854,425.830,1555563.562,2348357.509,3997696,3997696,0.000,false,90112,102400,13.636,false,0,0,0,0,0,0,0,0,false,41461,42086,41461,42086,5,8,1,1,1000,1000
full,1000,clustered_sparse_diff,5,100,168917,77167,-54.317,noise-sensitive,155416,271083,73792,90083,1689.170,771.670,592006.725,1295890.730,4538368,4407296,-2.888,false,102400,118784,16.000,false,4,4,0,0,25046,15206,0,0,false,41461,42086,53984,49689,5,8,1,1,1000,1000
full,1000,identical_diff,5,1,1542,12375,702.529,noise-sensitive,1375,4541,1459,14584,1542.000,12375.000,648508.431,80808.081,4014080,4030464,0.408,false,90112,102400,13.636,false,0,0,0,0,0,0,0,0,false,41461,42086,41461,42086,5,8,1,1,1000,1000
full,1000,random_batch_deletes,5,100,953834,906125,-5.002,noise-sensitive,874625,1236625,854791,1190625,9538.340,9061.250,104840.046,110360.050,4849664,4915200,1.351,false,106496,118784,11.538,false,5,8,5,8,41461,42086,37361,37986,true,37361,37986,78822,80072,5,8,1,1,900,900
full,1000,random_batch_updates,5,100,1333000,983083,-26.250,noise-sensitive,1012167,1784083,818792,1215708,13330.000,9830.830,75018.755,101720.811,4800512,4669440,-2.730,false,106496,131072,23.077,false,5,8,5,8,41461,42086,41461,42086,true,41461,42086,82922,84172,5,8,1,1,1000,1000
full,1000,random_conflict_resolved_merge,5,50,750084,456875,-39.090,noise-sensitive,706667,1961916,419583,513375,15001.680,9137.500,66659.201,109439.124,5193728,5373952,3.470,false,151552,188416,24.324,false,15,24,0,0,124383,126258,0,0,true,41461,42086,124383,126258,5,8,1,1,1000,1000
full,1000,random_delete_diff,5,100,562208,282792,-49.700,noise-sensitive,521875,586292,266625,296917,5622.080,2827.920,177870.112,353616.793,5177344,5160960,-0.316,false,139264,151552,8.824,false,10,16,0,0,78822,80072,0,0,true,37361,37986,78822,80072,5,8,1,1,900,900
full,1000,random_disjoint_sparse_merge,5,100,503625,387792,-23.000,noise-sensitive,467208,587541,355375,422709,5036.250,3877.920,198560.437,257870.198,4947968,4931584,-0.331,false,131072,151552,15.625,false,6,6,2,2,37569,22809,12523,7603,false,41461,42086,107968,99378,5,8,1,1,1000,1000
full,1000,random_reads_cold_manager,5,1000000,563228958,423898667,-24.738,material gain,551438708,634796666,412851042,481672042,563.229,423.899,1775476.892,2359054.363,4046848,4046848,0.000,false,90112,102400,13.636,false,5,8,0,0,41461,42086,0,0,true,41461,42086,41461,42086,5,8,1,1,1000,1000
full,1000,random_reads_warm_manager,5,1000000,568258042,414112750,-27.126,material gain,548843291,712924958,412512542,482836542,568.258,414.113,1759763.921,2414801.283,4046848,4046848,0.000,false,90112,102400,13.636,false,0,0,0,0,0,0,0,0,false,41461,42086,41461,42086,5,8,1,1,1000,1000
full,1000,random_sparse_diff,5,100,457541,293875,-35.771,noise-sensitive,421042,472750,278625,317542,4575.410,2938.750,218559.648,340280.732,4947968,4964352,0.331,false,139264,163840,17.647,false,10,16,0,0,82922,84172,0,0,true,41461,42086,82922,84172,5,8,1,1,1000,1000
full,1000,right_edge_reads_cold_manager,5,1000000,580723500,424038000,-26.981,material gain,553994542,773050500,412352875,473510833,580.723,424.038,1721989.897,2358279.211,3997696,4030464,0.820,false,90112,102400,13.636,false,5,8,0,0,41461,42086,0,0,true,41461,42086,41461,42086,5,8,1,1,1000,1000
full,1000,right_edge_reads_warm_manager,5,1000000,569657417,423592833,-25.641,material gain,548081625,669232167,405368791,480856917,569.657,423.593,1755441.025,2360757.600,4014080,4030464,0.408,false,90112,102400,13.636,false,0,0,0,0,0,0,0,0,false,41461,42086,41461,42086,5,8,1,1,1000,1000
full,1000,shuffled_batch_build,5,1000,1228959,1135250,-7.625,noise-sensitive,1154500,1498750,1071833,1382958,1228.959,1135.250,813696.795,880863.246,5144576,5210112,1.274,false,57344,69632,21.429,false,0,0,0,0,0,0,0,0,false,41461,42086,41461,42086,5,8,1,1,1000,1000
full,1000,sorted_stream_build,5,1000,1205667,1136333,-5.751,noise-sensitive,1003333,2250542,917250,1848417,1205.667,1136.333,829416.414,880023.725,4849664,4915200,1.351,false,57344,69632,21.429,false,0,0,0,0,0,0,0,0,false,41461,42086,41461,42086,5,8,1,1,1000,1000
full,10000,append_batch_upserts,5,100,1971125,1571542,-20.272,noise-sensitive,1015250,7170750,914792,4189833,19711.250,15715.420,50732.450,63631.771,7962624,6864896,-13.786,false,499712,499712,0.000,false,2,2,3,2,6995,5718,11188,9833,false,418414,420190,425409,425908,41,39,1,1,10100,10100
full,10000,append_disjoint_sparse_merge,5,100,734958,530875,-27.768,noise-sensitive,666750,1041292,465209,919917,7349.580,5308.750,136062.197,188368.260,8060928,7208960,-10.569,false,524288,536576,2.344,false,6,6,2,2,25101,21274,11108,9833,false,418334,420190,443435,441464,40,39,1,1,10100,10100
full,10000,append_sparse_diff,5,100,208417,95125,-54.358,noise-sensitive,205291,593292,87291,107833,2084.170,951.250,479807.309,1051248.357,7536640,6864896,-8.913,false,532480,532480,0.000,false,5,4,0,0,18183,15551,0,0,false,418414,420190,425409,425908,41,39,1,1,10100,10100
full,10000,clustered_batch_deletes,5,100,1611542,1678667,4.165,material regression,1051584,14032584,1496542,5258083,16115.420,16786.670,62052.370,59571.076,7766016,7372800,-5.063,false,512000,520192,1.600,false,3,7,3,4,23564,67048,19451,30238,true,410108,411838,433672,446313,40,38,1,1,9900,9900
full,10000,clustered_batch_updates,5,100,1506375,1219167,-19.066,material gain,1198708,9160792,1134709,4734625,15063.750,12191.670,66384.532,82023.217,7847936,7127040,-9.186,false,512000,520192,1.600,false,4,5,3,4,29031,33569,23564,29454,true,414221,416075,437785,445529,40,39,1,1,10000,10000
full,10000,clustered_conflict_resolved_merge,5,50,356792,169417,-52.517,noise-sensitive,353000,2533042,160667,218000,7135.840,3388.340,140137.671,295129.769,7995392,7028736,-12.090,false,528384,503808,-4.651,false,6,6,0,0,46026,14079,0,0,false,414221,416075,444905,425461,40,39,1,1,10000,10000
full,10000,clustered_delete_diff,5,100,3492084,374875,-89.265,noise-sensitive,3372375,9688000,356625,556542,34920.840,3748.750,28636.195,266755.585,10125312,7569408,-25.243,false,544768,552960,1.504,false,43,9,0,0,433672,64713,0,0,false,410108,411838,433672,446313,40,38,1,1,9900,9900
full,10000,clustered_disjoint_sparse_merge,5,100,744166,432625,-41.864,noise-sensitive,701459,1205375,377250,706834,7441.660,4326.250,134378.620,231147.067,8060928,7340032,-8.943,false,557056,548864,-1.471,false,6,6,2,2,46026,14079,15342,4693,false,414221,416075,468469,454915,40,39,1,1,10000,10000
full,10000,clustered_reads_cold_manager,5,1000000,629306334,425807709,-32.337,material gain,609023500,703161583,411121042,489135541,629.306,425.808,1589051.224,2348477.914,5881856,5685248,-3.343,false,516096,516096,0.000,false,40,39,0,0,414221,416075,0,0,false,414221,416075,414221,416075,40,39,1,1,10000,10000
full,10000,clustered_reads_warm_manager,5,1000000,631265875,419731000,-33.510,material gain,603755667,698792750,416837333,482055542,631.266,419.731,1584118.578,2382478.302,5865472,5652480,-3.631,false,516096,516096,0.000,false,0,0,0,0,0,0,0,0,false,414221,416075,414221,416075,40,39,1,1,10000,10000
full,10000,clustered_sparse_diff,5,100,318125,235125,-26.090,noise-sensitive,290375,339959,232875,290959,3181.250,2351.250,314341.847,425305.688,7585792,7127040,-6.048,false,544768,552960,1.504,false,6,8,0,0,47128,58908,0,0,true,414221,416075,437785,445529,40,39,1,1,10000,10000
full,10000,identical_diff,5,1,1459,1542,5.689,noise-sensitive,1334,2250,1500,1583,1459.000,1542.000,685400.960,648508.431,7110656,6520832,-8.295,false,516096,516096,0.000,false,0,0,0,0,0,0,0,0,false,414221,416075,414221,416075,40,39,1,1,10000,10000
full,10000,random_batch_deletes,5,100,7365291,5772917,-21.620,noise-sensitive,6820125,15619084,5580250,12229333,73652.910,57729.170,13577.196,17322.265,10436608,10076160,-3.454,false,921600,937984,1.778,false,35,40,35,36,381623,417677,377523,397649,true,410121,411972,791744,813724,40,39,1,1,9900,9900
full,10000,random_batch_updates,5,100,7392334,5293708,-28.389,material gain,7097709,20443875,4973625,10511083,73923.340,52937.080,13527.527,18890.351,10567680,10289152,-2.636,false,921600,925696,0.444,false,35,35,35,35,381623,390152,381623,390152,false,414221,416075,795844,806227,40,39,1,1,10000,10000
full,10000,random_conflict_resolved_merge,5,50,5906958,2998459,-49.239,material gain,5598334,6124125,2883709,3185417,118139.160,59969.180,8464.594,16675.232,12566528,11911168,-5.215,false,1228800,1282048,4.333,false,84,93,0,0,987885,1057785,0,0,true,414221,416075,1072811,1121265,40,39,1,1,10000,10000
full,10000,random_delete_diff,5,100,4133209,2860042,-30.803,material gain,3965167,4806792,2765584,3222750,41332.090,28600.420,24194.276,34964.522,10911744,10371072,-4.955,false,954368,970752,1.717,false,70,72,0,0,759146,799401,0,0,true,410121,411972,791744,813724,40,39,1,1,9900,9900
full,10000,random_disjoint_sparse_merge,5,100,515666,644541,24.992,noise-sensitive,466875,661875,628750,694792,5156.660,6445.410,193923.974,155149.168,9125888,8732672,-4.309,false,942080,978944,3.913,false,6,6,2,2,29250,68220,9750,22740,true,414221,416075,815344,851707,40,39,1,1,10000,10000
full,10000,random_reads_cold_manager,5,1000000,627196500,436089875,-30.470,material gain,608902709,705725625,416686083,481249208,627.197,436.090,1594396.652,2293105.292,6062080,5832704,-3.784,false,516096,516096,0.000,false,40,39,0,0,414221,416075,0,0,false,414221,416075,414221,416075,40,39,1,1,10000,10000
full,10000,random_reads_warm_manager,5,1000000,640000875,421371917,-34.161,material gain,605632917,705526000,409927917,488688375,640.001,421.372,1562497.864,2373200.395,6078464,5865472,-3.504,false,516096,516096,0.000,false,0,0,0,0,0,0,0,0,false,414221,416075,414221,416075,40,39,1,1,10000,10000
full,10000,random_sparse_diff,5,100,4101542,2358458,-42.498,material gain,3892708,4525917,2186000,2410292,41015.420,23584.580,24381.074,42400.585,11075584,10272768,-7.249,false,954368,958464,0.429,false,70,70,0,0,763246,780304,0,0,false,414221,416075,795844,806227,40,39,1,1,10000,10000
full,10000,right_edge_reads_cold_manager,5,1000000,643028042,431082084,-32.961,material gain,605591166,747409666,412546792,490175208,643.028,431.082,1555142.132,2319743.819,5881856,5636096,-4.178,false,516096,516096,0.000,false,40,39,0,0,414221,416075,0,0,false,414221,416075,414221,416075,40,39,1,1,10000,10000
full,10000,right_edge_reads_warm_manager,5,1000000,626169500,430490292,-31.250,material gain,604400375,709146417,407605375,484162500,626.169,430.490,1597011.672,2322932.755,5849088,5652480,-3.361,false,516096,516096,0.000,false,0,0,0,0,0,0,0,0,false,414221,416075,414221,416075,40,39,1,1,10000,10000
full,10000,shuffled_batch_build,5,10000,5965417,5896958,-1.148,noise-sensitive,5723958,7426666,5689792,8146458,596.542,589.696,1676328.746,1695789.592,10649600,10469376,-1.692,false,483328,483328,0.000,false,0,0,0,0,0,0,0,0,false,414221,416075,414221,416075,40,39,1,1,10000,10000
full,10000,sorted_stream_build,5,10000,6254667,5917375,-5.393,noise-sensitive,5921834,7622833,5639541,7508750,625.467,591.737,1598806.139,1689938.528,8552448,8011776,-6.322,false,483328,483328,0.000,false,0,0,0,0,0,0,0,0,false,414221,416075,414221,416075,40,39,1,1,10000,10000
full,50000,append_batch_upserts,5,500,4847542,6426333,32.569,noise-sensitive,4664917,13865041,4752042,15562584,9695.084,12852.666,103145.058,77804.869,16875520,15908864,-5.728,false,2408448,2420736,0.510,false,2,2,6,5,8594,17614,29466,38557,true,2092074,2100520,2100668,2118134,203,190,1,1,50500,50500
full,50000,append_disjoint_sparse_merge,5,500,1494208,1557042,4.205,material regression,1266500,2618666,1280708,1847541,2988.416,3114.084,334625.434,321121.717,17121280,15745024,-8.038,false,2433024,2457600,1.010,false,7,7,3,3,37988,59058,20795,23825,true,2091996,2100520,2121846,2150939,202,190,1,1,50500,50500
full,50000,append_sparse_diff,5,500,952208,367750,-61.379,noise-sensitive,649416,1520042,340292,993083,1904.416,735.500,525095.357,1359619.307,16465920,15351808,-6.766,false,2441216,2453504,0.503,false,8,7,0,0,38060,56171,0,0,true,2092074,2100520,2100668,2118134,203,190,1,1,50500,50500
full,50000,clustered_batch_deletes,5,500,6165250,6412541,4.011,noise-sensitive,4330875,13376292,3990250,19073959,12330.500,12825.082,81099.712,77972.211,16531456,15302656,-7.433,false,2387968,2404352,0.686,false,4,6,3,2,39304,70384,18668,18360,true,2050566,2058769,2089870,2097937,198,185,1,1,49500,49500
full,50000,clustered_batch_updates,5,500,6340166,6427083,1.371,noise-sensitive,5094500,14758708,5457584,17280792,12680.332,12854.166,78862.288,77795.790,16760832,15433728,-7.918,false,2408448,2420736,0.510,false,5,5,4,4,40289,49246,39304,39168,true,2071202,2079577,2110506,2118745,199,187,1,1,50000,50000
full,50000,clustered_conflict_resolved_merge,5,250,1504375,1038666,-30.957,material gain,1023084,2529083,916416,1744750,6017.500,4154.664,166181.969,240693.351,17072128,15450112,-9.501,false,2457600,2461696,0.167,false,12,9,0,0,117912,101949,0,0,false,2071202,2079577,2149810,2147543,199,187,1,1,50000,50000
full,50000,clustered_delete_diff,5,500,21692709,477334,-97.800,noise-sensitive,20416250,33484917,357042,683333,43385.418,954.668,23049.219,1047484.571,30588928,15204352,-50.295,false,2420736,2437120,0.677,false,202,6,0,0,2089870,57528,0,0,false,2050566,2058769,2089870,2097937,198,185,1,1,49500,49500
full,50000,clustered_disjoint_sparse_merge,5,500,938083,1442875,53.811,noise-sensitive,885333,2259792,1259792,2509375,1876.166,2885.750,533001.877,346530.365,16809984,15646720,-6.920,false,2445312,2461696,0.670,false,6,6,2,2,34419,52476,11473,17492,true,2071202,2079577,2133452,2153729,199,187,1,1,50000,50000
full,50000,clustered_reads_cold_manager,5,1000000,658946000,441096250,-33.060,material gain,636559792,757818667,421027250,514501791,658.946,441.096,1517575.036,2267078.897,15237120,14041088,-7.849,false,2400256,2408448,0.341,false,54,41,0,0,428763,426678,0,0,false,2071202,2079577,2071202,2079577,199,187,1,1,50000,50000
full,50000,clustered_reads_warm_manager,5,1000000,654890000,424712500,-35.148,material gain,633333959,729184833,414688208,542547042,654.890,424.712,1526973.996,2354533.949,15106048,13991936,-7.375,false,2400256,2408448,0.341,false,0,0,0,0,0,0,0,0,false,2071202,2079577,2071202,2079577,199,187,1,1,50000,50000
full,50000,clustered_sparse_diff,5,500,685250,652750,-4.743,noise-sensitive,667792,795542,471583,1458167,1370.500,1305.500,729660.708,765990.042,16351232,15106048,-7.615,false,2441216,2453504,0.503,false,8,8,0,0,78608,78336,0,0,false,2071202,2079577,2110506,2118745,199,187,1,1,50000,50000
full,50000,identical_diff,5,1,1541,1792,16.288,noise-sensitive,1250,2041,1541,2125,1541.000,1792.000,648929.267,558035.714,15597568,14401536,-7.668,false,2400256,2408448,0.341,false,0,0,0,0,0,0,0,0,false,2071202,2079577,2071202,2079577,199,187,1,1,50000,50000
full,50000,random_batch_deletes,5,500,47012750,37680417,-19.851,noise-sensitive,42307667,70000500,35212709,67331792,94025.500,75360.834,10635.413,13269.492,33603584,27574272,-17.942,false,4501504,4550656,1.092,false,169,188,169,160,1915782,2086957,1895282,1906853,true,2050702,2058570,3966484,3986430,199,183,1,1,49500,49500
full,50000,random_batch_updates,5,500,45357083,37008458,-18.406,noise-sensitive,42753958,72226041,32108417,70030500,90714.166,74016.916,11023.637,13510.425,34324480,29884416,-12.936,false,4542464,4534272,-0.180,false,169,158,169,158,1915782,1902498,1915782,1902498,false,2071202,2079577,3986984,3982075,199,187,1,1,50000,50000
full,50000,random_conflict_resolved_merge,5,250,31190042,16615666,-46.728,material gain,29531584,32643625,15324250,17178042,124760.168,66462.664,8015.379,15046.041,37601280,34684928,-7.756,false,6053888,6221824,2.774,false,414,399,0,0,4975320,5173467,0,0,true,2071202,2079577,5388082,5528555,199,187,1,1,50000,50000
full,50000,random_delete_diff,5,500,20016084,15280958,-23.657,material gain,17846959,23334750,14164125,15805750,40032.168,30561.916,24979.911,32720.462,50020352,28852224,-42.319,false,4534272,4583424,1.084,false,368,324,0,0,3966484,3834713,0,0,false,2050702,2058570,3966484,3986430,199,183,1,1,49500,49500
full,50000,random_disjoint_sparse_merge,5,500,785583,716000,-8.857,noise-sensitive,746625,1305708,670500,804333,1571.166,1432.000,636469.985,698324.022,23199744,20267008,-12.641,false,4554752,4567040,0.270,false,6,6,2,2,49218,52845,16406,17615,true,2071202,2079577,4019796,4017305,199,187,1,1,50000,50000
full,50000,random_reads_cold_manager,5,1000000,701302792,506718833,-27.746,material gain,682556250,795265209,495760250,602484750,701.303,506.719,1425917.608,1973481.021,12582912,11763712,-6.510,false,2400256,2408448,0.341,false,199,187,0,0,2071202,2079577,0,0,false,2071202,2079577,2071202,2079577,199,187,1,1,50000,50000
full,50000,random_reads_warm_manager,5,1000000,670778333,499212917,-25.577,material gain,645573250,748181708,485501208,556523375,670.778,499.213,1490805.458,2003153.296,12566528,11730944,-6.649,false,2400256,2408448,0.341,false,0,0,0,0,0,0,0,0,false,2071202,2079577,2071202,2079577,199,187,1,1,50000,50000
full,50000,random_sparse_diff,5,500,21595458,11861083,-45.076,material gain,21049583,23712333,11391750,12274666,43190.916,23722.166,23153.017,42154.667,33849344,29982720,-11.423,false,4575232,4567040,-0.179,false,338,316,0,0,3831564,3804996,0,0,false,2071202,2079577,3986984,3982075,199,187,1,1,50000,50000
full,50000,right_edge_reads_cold_manager,5,1000000,659814708,445879416,-32.424,material gain,637365834,763563750,420181333,544235500,659.815,445.879,1515577.007,2242758.836,15155200,14024704,-7.459,false,2400256,2408448,0.341,false,40,36,0,0,428358,428374,0,0,false,2071202,2079577,2071202,2079577,199,187,1,1,50000,50000
full,50000,right_edge_reads_warm_manager,5,1000000,631039542,428356875,-32.119,material gain,626126416,735460250,412999167,507425375,631.040,428.357,1584686.749,2334502.043,15253504,14008320,-8.163,false,2400256,2408448,0.341,false,0,0,0,0,0,0,0,0,false,2071202,2079577,2071202,2079577,199,187,1,1,50000,50000
full,50000,shuffled_batch_build,5,50000,31145958,27177500,-12.741,noise-sensitive,26842125,37416125,26450500,36627584,622.919,543.550,1605344.745,1839757.152,32604160,31981568,-1.910,false,2367488,2375680,0.346,false,0,0,0,0,0,0,0,0,false,2071202,2079577,2071202,2079577,199,187,1,1,50000,50000
full,50000,sorted_stream_build,5,50000,29234834,27459000,-6.074,noise-sensitive,28516625,42869167,26540334,37837542,584.697,549.180,1710288.487,1820896.609,20480000,19890176,-2.880,false,2367488,2375680,0.346,false,0,0,0,0,0,0,0,0,false,2071202,2079577,2071202,2079577,199,187,1,1,50000,50000
full,100000,append_batch_upserts,5,1000,11439125,8767917,-23.352,material gain,10215291,24238500,8504583,14379375,11439.125,8767.917,87419.274,114052.175,27967488,25788416,-7.791,false,4780032,4763648,-0.343,false,3,3,9,5,24446,8001,66032,49375,false,4182715,4200803,4207161,4208804,387,378,2,2,101000,101000
full,100000,append_disjoint_sparse_merge,5,1000,3875833,2877417,-25.760,material gain,3608791,6882500,2590292,4206000,3875.833,2877.417,258009.053,347533.917,27983872,25804800,-7.787,false,4820992,4812800,-0.170,false,10,10,4,4,79092,45106,30194,29098,false,4182481,4200803,4243280,4243191,384,378,2,2,101000,101000
full,100000,append_sparse_diff,5,1000,1086750,700208,-35.569,noise-sensitive,956125,2111667,445417,957250,1086.750,700.208,920174.833,1428147.065,27295744,25444352,-6.783,false,4812800,4796416,-0.340,false,12,8,0,0,90478,57376,0,0,false,4182715,4200803,4207161,4208804,387,378,2,2,101000,101000
full,100000,clustered_batch_deletes,5,1000,8472875,11071333,30.668,noise-sensitive,7910666,18704459,10343500,18643083,8472.875,11071.333,118023.693,90323.360,27312128,25280512,-7.439,false,4747264,4734976,-0.259,false,6,10,4,3,78963,98359,37691,23984,true,4099857,4117806,4178820,4183413,379,372,2,2,99000,99000
full,100000,clustered_batch_updates,5,1000,13019916,12517875,-3.856,noise-sensitive,11909209,27741875,11561875,22855291,13019.916,12517.875,76805.411,79885.763,27803648,25985024,-6.541,false,4792320,4788224,-0.085,false,8,9,6,7,103293,73438,78963,65607,true,4141129,4159429,4220092,4225036,381,376,2,2,100000,100000
full,100000,clustered_conflict_resolved_merge,5,500,1548917,1265167,-18.319,material gain,1520375,4001709,1187958,1696250,3097.834,2530.334,322806.193,395204.744,28131328,25870336,-8.037,false,4833280,4833280,0.000,false,15,18,0,0,173613,157086,0,0,true,4141129,4159429,4256871,4264153,381,376,2,2,100000,100000
full,100000,clustered_delete_diff,5,1000,31219083,659542,-97.887,noise-sensitive,30265000,61495708,573209,914208,31219.083,659.542,32031.690,1516203.669,37371904,25149440,-32.705,false,4780032,4767744,-0.257,false,208,10,0,0,2183166,89591,0,0,false,4099857,4117806,4178820,4183413,379,372,2,2,99000,99000
full,100000,clustered_disjoint_sparse_merge,5,1000,2394084,2011167,-15.994,noise-sensitive,2062625,4966250,1595000,3826000,2394.084,2011.167,417696.288,497223.751,27607040,25935872,-6.053,false,4849664,4837376,-0.253,false,9,9,3,3,86913,63054,28971,21018,false,4141129,4159429,4278034,4267072,381,376,2,2,100000,100000
full,100000,clustered_reads_cold_manager,5,1000000,763643291,454462083,-40.488,material gain,747367791,987539125,433848167,590421708,763.643,454.462,1309511.930,2200403.592,25608192,23756800,-7.230,false,4739072,4739072,0.000,false,41,43,0,0,449147,427654,0,0,true,4141129,4159429,4141129,4159429,381,376,2,2,100000,100000
full,100000,clustered_reads_warm_manager,5,1000000,764396709,431127583,-43.599,material gain,725920667,854050542,416496458,569623917,764.397,431.128,1308221.226,2319499.005,25788416,23805952,-7.687,false,4739072,4739072,0.000,false,0,0,0,0,0,0,0,0,false,4141129,4159429,4141129,4159429,381,376,2,2,100000,100000
full,100000,clustered_sparse_diff,5,1000,1668250,1184750,-28.982,noise-sensitive,1414125,2395750,1051834,2348750,1668.250,1184.750,599430.541,844059.928,27279360,25247744,-7.447,false,4825088,4820992,-0.085,false,12,14,0,0,157926,131214,0,0,true,4141129,4159429,4220092,4225036,381,376,2,2,100000,100000
full,100000,identical_diff,5,1,1458,1833,25.720,noise-sensitive,1292,1875,1333,14125,1458.000,1833.000,685871.056,545553.737,26214400,24182784,-7.750,false,4739072,4739072,0.000,false,0,0,0,0,0,0,0,0,false,4141129,4159429,4141129,4159429,381,376,2,2,100000,100000
full,100000,random_batch_deletes,5,1000,101923708,91821459,-9.912,noise-sensitive,97959917,168418334,84821416,150692750,101923.708,91821.459,9811.260,10890.700,57573376,50135040,-12.920,false,8912896,9019392,1.195,false,320,377,320,321,3802839,4159641,3761837,3831138,true,4100127,4118169,7902966,7990567,381,374,2,2,99000,99000
full,100000,random_batch_updates,5,1000,104211666,86258125,-17.228,noise-sensitive,100312917,168739667,77603500,155982166,104211.666,86258.125,9595.855,11593.111,57524224,52396032,-8.915,false,8937472,9007104,0.779,false,320,315,320,315,3802839,3828688,3802839,3828688,false,4141129,4159429,7943968,7988117,381,376,2,2,100000,100000
full,100000,random_conflict_resolved_merge,5,500,62799042,37049667,-41.003,material gain,57992625,96803292,31831709,55663042,125598.084,74099.334,7961.905,13495.398,64880640,60129280,-7.323,false,11862016,12066816,1.727,false,756,762,0,0,9711192,9968892,0,0,false,4141129,4159429,10615257,10805357,381,376,2,2,100000,100000
full,100000,random_delete_diff,5,1000,39905458,36117958,-9.491,material gain,38145667,78501083,30661875,60282292,39905.458,36117.958,25059.229,27687.058,74481664,50282496,-32.490,false,8945664,9052160,1.190,false,701,644,0,0,7902966,7703536,0,0,false,4100127,4118169,7902966,7990567,381,374,2,2,99000,99000
full,100000,random_disjoint_sparse_merge,5,1000,603833,977417,61.869,noise-sensitive,509625,688333,908500,1173583,603.833,977.417,1656087.031,1023104.775,37814272,31916032,-15.598,false,8978432,9048064,0.776,false,6,9,2,3,23640,68847,7880,22949,true,4141129,4159429,7959728,8034015,381,376,2,2,100000,100000
full,100000,random_reads_cold_manager,5,1000000,863812000,650065000,-24.745,material gain,799321584,1004882209,610361333,751799750,863.812,650.065,1157659.305,1538307.708,20594688,18989056,-7.796,false,4739072,4739072,0.000,false,381,376,0,0,4141129,4159429,0,0,false,4141129,4159429,4141129,4159429,381,376,2,2,100000,100000
full,100000,random_reads_warm_manager,5,1000000,784848958,590475375,-24.766,material gain,745517250,981045459,566713459,672795792,784.849,590.475,1274130.506,1693550.726,20643840,18989056,-8.016,false,4739072,4739072,0.000,false,0,0,0,0,0,0,0,0,false,4141129,4159429,4141129,4159429,381,376,2,2,100000,100000
full,100000,random_sparse_diff,5,1000,42963875,24533208,-42.898,material gain,41256458,47520375,23085125,26457000,42963.875,24533.208,23275.368,40761.078,58081280,52248576,-10.042,false,8970240,9039872,0.776,false,640,630,0,0,7605678,7657376,0,0,false,4141129,4159429,7943968,7988117,381,376,2,2,100000,100000
full,100000,right_edge_reads_cold_manager,5,1000000,786679125,448338041,-43.009,material gain,747516500,983182791,432884542,530690709,786.679,448.338,1271166.309,2230459.851,25739264,23756800,-7.702,false,4739072,4739072,0.000,false,42,41,0,0,431633,423175,0,0,false,4141129,4159429,4141129,4159429,381,376,2,2,100000,100000
full,100000,right_edge_reads_warm_manager,5,1000000,748174667,432690166,-42.167,material gain,730470042,871836667,414443250,488560209,748.175,432.690,1336586.287,2311122.550,25608192,23773184,-7.166,false,4739072,4739072,0.000,false,0,0,0,0,0,0,0,0,false,4141129,4159429,4141129,4159429,381,376,2,2,100000,100000
full,100000,shuffled_batch_build,5,100000,65674875,66814125,1.735,noise-sensitive,62584209,106734334,61467833,133160791,656.749,668.141,1522652.308,1496689.510,54919168,53985280,-1.700,false,4706304,4706304,0.000,false,0,0,0,0,0,0,0,0,false,4141129,4159429,4141129,4159429,381,376,2,2,100000,100000
full,100000,sorted_stream_build,5,100000,66567958,63469000,-4.655,noise-sensitive,62801042,99292084,59006833,91390959,665.680,634.690,1502224.238,1575572.327,32030720,30539776,-4.655,false,4706304,4706304,0.000,false,0,0,0,0,0,0,0,0,false,4141129,4159429,4141129,4159429,381,376,2,2,100000,100000
full,1000000,append_batch_upserts,5,10000,65470334,70196000,7.218,noise-sensitive,57194375,139407042,66868250,148120542,6547.033,7019.600,152740.935,142458.260,215056384,199737344,-7.123,false,47071232,47316992,0.522,false,3,3,36,42,26426,16886,440151,433014,true,41812942,41996705,41839368,42013591,3683,3686,2,2,1010000,1010000
full,1000000,append_disjoint_sparse_merge,5,10000,12553167,11259333,-10.307,noise-sensitive,10452042,20497334,10271083,17157042,1255.317,1125.933,796611.724,888152.078,215220224,199835648,-7.148,false,47108096,47366144,0.548,false,27,31,21,25,274983,264951,222125,231173,true,41813253,41996705,41884622,42055470,3687,3686,2,2,1010000,1010000
full,1000000,append_sparse_diff,5,10000,10423625,9027625,-13.393,material gain,10292125,20294875,8544042,13979625,1042.362,902.763,959359.148,1107711.054,218185728,203014144,-6.954,false,47104000,47349760,0.522,false,39,45,0,0,466577,449900,0,0,true,41812942,41996705,41839368,42013591,3683,3686,2,2,1010000,1010000
full,1000000,clustered_batch_deletes,5,10000,67208209,85656791,27.450,noise-sensitive,64256542,128348125,74790250,149761000,6720.821,8565.679,148791.348,116744.976,214106112,196296704,-8.318,false,46628864,46837760,0.448,false,39,59,4,3,459956,590464,46083,23911,true,40985344,41164194,41445300,41604488,3615,3606,2,2,990000,990000
full,1000000,clustered_batch_updates,5,10000,106545625,111294958,4.458,noise-sensitive,87617459,211633208,102925084,227363042,10654.562,11129.496,93856.505,89851.330,216907776,199868416,-7.856,false,47063040,47325184,0.557,false,41,46,39,44,485859,456487,459956,440294,true,41399217,41580577,41859173,42020871,3650,3647,2,2,1000000,1000000
full,1000000,clustered_conflict_resolved_merge,5,5000,12192583,11838042,-2.908,noise-sensitive,11077042,17740666,11444625,17379708,2438.517,2367.608,410085.377,422367.145,215859200,198426624,-8.076,false,47144960,47333376,0.400,false,63,69,0,0,746826,679260,0,0,true,41399217,41580577,41897101,42033417,3650,3647,2,2,1000000,1000000
full,1000000,clustered_delete_diff,5,10000,215242083,3566542,-98.343,material gain,207986042,430668334,3426458,4004708,21524.208,356.654,46459.316,2803836.321,227803136,200114176,-12.155,false,46661632,46870528,0.448,false,518,47,0,0,6090498,464205,0,0,false,40985344,41164194,41445300,41604488,3615,3606,2,2,990000,990000
full,1000000,clustered_disjoint_sparse_merge,5,10000,7138417,4901334,-31.339,noise-sensitive,5909291,12081500,4521542,10549417,713.842,490.133,1400870.809,2040260.876,213860352,197427200,-7.684,false,47153152,47386624,0.495,false,9,9,3,3,123783,105381,41261,35127,false,41399217,41580577,41941695,42091125,3650,3647,2,2,1000000,1000000
full,1000000,clustered_reads_cold_manager,5,1000000,888556542,504709583,-43.199,material gain,846278875,1034587458,479898875,671183416,888.557,504.710,1125420.784,1981337.454,212008960,196362240,-7.380,false,46604288,46845952,0.519,false,39,44,0,0,459956,440294,0,0,true,41399217,41580577,41399217,41580577,3650,3647,2,2,1000000,1000000
full,1000000,clustered_reads_warm_manager,5,1000000,818812000,452694000,-44.713,material gain,789564791,950921875,422124083,508065208,818.812,452.694,1221281.564,2208997.689,211959808,196526080,-7.281,false,46604288,46845952,0.519,false,0,0,0,0,0,0,0,0,false,41399217,41580577,41399217,41580577,3650,3647,2,2,1000000,1000000
full,1000000,clustered_sparse_diff,5,10000,11856833,11523667,-2.810,noise-sensitive,11530750,18581167,9727625,16577500,1185.683,1152.367,843395.534,867779.328,219316224,203014144,-7.433,false,47095808,47357952,0.557,false,78,88,0,0,919912,880588,0,0,true,41399217,41580577,41859173,42020871,3650,3647,2,2,1000000,1000000
full,1000000,identical_diff,5,1,1334,2666,99.850,noise-sensitive,1292,2458,1459,287333,1334.000,2666.000,749625.187,375093.773,212549632,196984832,-7.323,false,46604288,46845952,0.519,false,0,0,0,0,0,0,0,0,false,41399217,41580577,41399217,41580577,3650,3647,2,2,1000000,1000000
full,1000000,random_batch_deletes,5,10000,1246839125,1101320375,-11.671,material gain,1216021250,2417028792,1026432791,1881826167,124683.913,110132.038,8020.281,9080.010,530382848,431177728,-18.704,false,88690688,90148864,1.644,false,3088,3635,3088,3187,38260666,41518660,37850637,38767651,true,40989188,41165275,79249854,80348228,3650,3606,2,2,990000,990000
full,1000000,random_batch_updates,5,10000,1278868875,983987334,-23.058,material gain,1220610916,2115297000,938262084,1806465834,127886.887,98398.733,7819.410,10162.732,567558144,431652864,-23.946,false,89157632,89882624,0.813,false,3088,3115,3088,3115,38260666,38578275,38260666,38578275,false,41399217,41580577,79659883,80158852,3650,3647,2,2,1000000,1000000
full,1000000,random_conflict_resolved_merge,5,5000,747741666,438289917,-41.385,material gain,696899167,811470958,414743583,468059083,149548.333,87657.983,6686.801,11407.974,593002496,524828672,-11.496,false,118767616,119468032,0.590,false,7383,7467,0,0,98281305,98688111,0,0,false,41399217,41580577,106920087,107372651,3650,3647,2,2,1000000,1000000
full,1000000,random_delete_diff,5,10000,445295541,388620209,-12.728,material gain,410433000,475698125,381666416,438450375,44529.554,38862.021,22456.996,25732.064,615841792,433258496,-29.648,false,88723456,90181632,1.644,false,6703,6423,0,0,79061635,77993243,0,0,false,40989188,41165275,79249854,80348228,3650,3606,2,2,990000,990000
full,1000000,random_disjoint_sparse_merge,5,10000,1206750,1192917,-1.146,noise-sensitive,1093667,1647125,1153583,1978542,120.675,119.292,8286720.530,8382812.886,338051072,242515968,-28.261,false,89153536,89841664,0.772,false,6,9,2,3,60507,76395,20169,25465,true,41399217,41580577,79700221,80209782,3650,3647,2,2,1000000,1000000
full,1000000,random_reads_cold_manager,5,1000000,1738091791,1605349250,-7.637,noise-sensitive,1649009792,2172660708,1498197958,2389187125,1738.092,1605.349,575343.607,622917.412,167542784,151371776,-9.652,false,46604288,46845952,0.519,false,3088,3115,0,0,38260666,38578275,0,0,false,41399217,41580577,41399217,41580577,3650,3647,2,2,1000000,1000000
full,1000000,random_reads_warm_manager,5,1000000,1230709416,1145165417,-6.951,noise-sensitive,1086424458,1408690833,1075154917,1694207458,1230.709,1145.165,812539.489,873236.290,167591936,151355392,-9.688,false,46604288,46845952,0.519,false,0,0,0,0,0,0,0,0,false,41399217,41580577,41399217,41580577,3650,3647,2,2,1000000,1000000
full,1000000,random_sparse_diff,5,10000,504698792,337144041,-33.199,material gain,490348458,547411542,319528708,506490209,50469.879,33714.404,19813.798,29660.913,571670528,458522624,-19.793,false,89190400,89915392,0.813,false,6176,6230,0,0,76521332,77156550,0,0,false,41399217,41580577,79659883,80158852,3650,3647,2,2,1000000,1000000
full,1000000,right_edge_reads_cold_manager,5,1000000,894323292,513452417,-42.588,material gain,849109750,1019998667,468513083,592901000,894.323,513.452,1118163.878,1947600.141,212221952,196427776,-7.442,false,46604288,46845952,0.519,false,36,38,0,0,432590,425301,0,0,true,41399217,41580577,41399217,41580577,3650,3647,2,2,1000000,1000000
full,1000000,right_edge_reads_warm_manager,5,1000000,836262625,430616167,-48.507,material gain,793332792,913586166,417182292,478536958,836.263,430.616,1195796.596,2322253.730,211976192,196509696,-7.296,false,46604288,46845952,0.519,false,0,0,0,0,0,0,0,0,false,41399217,41580577,41399217,41580577,3650,3647,2,2,1000000,1000000
full,1000000,shuffled_batch_build,5,1000000,799056333,828249042,3.653,noise-sensitive,775320291,1140683917,782288334,1132661750,799.056,828.249,1251476.221,1207366.323,404062208,395853824,-2.031,false,46571520,46813184,0.519,false,0,0,0,0,0,0,0,0,false,41399217,41580577,41399217,41580577,3650,3647,2,2,1000000,1000000
full,1000000,sorted_stream_build,5,1000000,760924166,747604166,-1.751,noise-sensitive,704283042,978769500,707247000,993365875,760.924,747.604,1314191.407,1337606.243,215924736,201097216,-6.867,false,46571520,46813184,0.519,false,0,0,0,0,0,0,0,0,false,41399217,41580577,41399217,41580577,3650,3647,2,2,1000000,1000000
full,10000000,append_batch_upserts,5,10000,141078125,118851292,-15.755,noise-sensitive,98566083,931160375,97943500,841633750,14107.812,11885.129,70882.711,84138.757,2036662272,1878409216,-7.770,false,467091456,469086208,0.427,false,3,3,40,39,19027,22012,433066,437765,true,414415620,416242123,414434647,416264135,36650,36667,2,2,10010000,10010000
full,10000000,append_disjoint_sparse_merge,5,10000,24189709,22347750,-7.615,material gain,16865291,32451042,20099084,41908375,2418.971,2234.775,413398.938,447472.341,2037891072,1881063424,-7.696,false,467148800,469172224,0.433,false,27,26,21,20,271858,284257,233795,240223,true,414415771,416242123,414491830,416334824,36652,36667,2,2,10010000,10010000
full,10000000,append_sparse_diff,5,10000,13015292,13759458,5.718,noise-sensitive,11631208,26804958,12345458,23578959,1301.529,1375.946,768326.980,726772.813,2035482624,1880129536,-7.632,false,467124224,469118976,0.427,false,43,42,0,0,452093,459777,0,0,false,414415620,416242123,414434647,416264135,36650,36667,2,2,10010000,10010000
full,10000000,clustered_batch_deletes,5,10000,105899833,389256500,267.570,noise-sensitive,97743417,817934208,343137292,910081167,10589.983,38925.650,94428.855,25690.001,2033319936,1884225536,-7.333,false,466632704,468652032,0.433,false,37,177,4,4,432979,1925057,19251,52518,true,413587853,415410109,414020832,415878888,36580,36591,2,2,9990000,9990000
full,10000000,clustered_batch_updates,5,10000,211127125,211638292,0.242,noise-sensitive,170845166,399795708,189154667,422669166,21112.713,21163.829,47364.828,47250.429,2037350400,1883127808,-7.570,false,467099648,469106688,0.430,false,39,45,37,43,446511,478955,432979,462887,true,414001581,415826370,414434560,416289257,36613,36631,2,2,10000000,10000000
full,10000000,clustered_conflict_resolved_merge,5,5000,19045625,14638458,-23.140,material gain,18365208,32396292,11021000,99137209,3809.125,2927.692,262527.483,341566.031,2035089408,1882062848,-7.519,false,467140608,469139456,0.428,false,69,69,0,0,674877,752367,0,0,true,414001581,415826370,414451499,416327948,36613,36631,2,2,10000000,10000000
full,10000000,clustered_delete_diff,5,10000,311852833,4624708,-98.517,material gain,273440542,2229680125,4326209,5268125,31185.283,462.471,32066.407,2162298.679,2034958336,1884864512,-7.376,false,466665472,468684800,0.433,false,214,48,0,0,2302588,521297,0,0,false,413587853,415410109,414020832,415878888,36580,36591,2,2,9990000,9990000
full,10000000,clustered_disjoint_sparse_merge,5,10000,10777083,9413541,-12.652,noise-sensitive,9620417,20099792,7097333,24898500,1077.708,941.354,927894.867,1062299.511,2033123328,1877966848,-7.631,false,467181568,469172224,0.426,false,9,9,3,3,71685,78951,23895,26317,true,414001581,415826370,414482350,416341891,36613,36631,2,2,10000000,10000000
full,10000000,clustered_reads_cold_manager,5,1000000,1003374875,549799667,-45.205,material gain,902110167,1104939291,521258916,669488042,1003.375,549.800,996636.476,1818844.317,2028486656,1873149952,-7.658,false,466640896,468623360,0.425,false,37,43,0,0,432979,462887,0,0,true,414001581,415826370,414001581,415826370,36613,36631,2,2,10000000,10000000
full,10000000,clustered_reads_warm_manager,5,1000000,867309959,437998875,-49.499,material gain,815539541,966768958,422694583,445448875,867.310,437.999,1152990.335,2283110.887,2029977600,1872592896,-7.753,false,466640896,468623360,0.425,false,0,0,0,0,0,0,0,0,false,414001581,415826370,414001581,415826370,36613,36631,2,2,10000000,10000000
full,10000000,clustered_sparse_diff,5,10000,20491458,15043875,-26.585,noise-sensitive,13718792,30695959,13417791,26078250,2049.146,1504.388,488008.223,664722.354,2035826688,1881079808,-7.601,false,467132416,469139456,0.430,false,74,86,0,0,865958,925774,0,0,true,414001581,415826370,414434560,416289257,36613,36631,2,2,10000000,10000000
full,10000000,identical_diff,5,1,1625,281833,17243.569,noise-sensitive,1375,4208,244583,295333,1625.000,281833.000,615384.615,3548.201,2029404160,1874673664,-7.624,false,466640896,468623360,0.425,false,0,0,0,0,0,0,0,0,false,414001581,415826370,414001581,415826370,36613,36631,2,2,10000000,10000000
full,10000000,random_batch_deletes,5,10000,10906001917,8201941917,-24.794,noise-sensitive,6319997958,15135254958,7423956334,15593949333,1090600.192,820194.192,916.926,1219.223,2738929664,3010265088,9.907,true,600510464,629493760,4.826,true,8559,21391,8559,10741,123383495,256941114,122973473,146532854,true,413591559,415411354,536975054,562359224,36613,36592,2,2,9990000,9990000
full,10000000,random_batch_updates,5,10000,7262575584,6187616209,-14.801,noise-sensitive,6404588500,13094327958,5573241667,10983247459,726257.558,618761.621,1376.922,1616.131,3055632384,2702721024,-11.550,false,600895488,603860992,0.494,false,8560,8578,8559,8577,123384274,124100545,123383495,124096676,false,414001581,415826370,537385076,539923046,36613,36631,2,2,10000000,10000000
full,10000000,random_conflict_resolved_merge,5,5000,1651631334,978618750,-40.748,material gain,1574336375,4030901917,958829125,1073916208,330326.267,195723.750,3027.310,5109.242,2664300544,2559066112,-3.950,false,615432192,617869312,0.396,false,14106,14157,0,0,205341162,205937286,0,0,false,414001581,415826370,550895689,553117894,36613,36631,2,2,10000000,10000000
full,10000000,random_delete_diff,5,10000,3059232917,1647319875,-46.153,material gain,2392083458,3810940250,1564555167,2151694167,305923.292,164731.987,3268.793,6070.466,2846654464,2922840064,2.676,false,600543232,629526528,4.826,true,25278,21545,0,0,330783557,293687663,0,0,false,413591559,415411354,536975054,562359224,36613,36592,2,2,9990000,9990000
full,10000000,random_disjoint_sparse_merge,5,10000,1769084,688834,-61.063,noise-sensitive,1456958,2337708,633084,701500,176.908,68.883,5652642.837,14517285.732,2173239296,2018639872,-7.114,false,600858624,603758592,0.483,false,6,3,2,1,40467,17832,13489,5944,false,414001581,415826370,537412054,539934934,36613,36631,2,2,10000000,10000000
full,10000000,random_reads_cold_manager,5,1000000,6650792291,5265582334,-20.828,noise-sensitive,5082741167,11123364125,4870014292,8847417833,6650.792,5265.582,150358.026,189912.518,1883799552,1727758336,-8.283,false,466640896,468623360,0.425,false,8559,8577,0,0,123383495,124096676,0,0,false,414001581,415826370,414001581,415826370,36613,36631,2,2,10000000,10000000
full,10000000,random_reads_warm_manager,5,1000000,1516885459,1472501583,-2.926,noise-sensitive,1427846500,2265647500,1380420083,1979971250,1516.885,1472.502,659245.557,679116.418,1883635712,1727430656,-8.293,false,466640896,468623360,0.425,false,0,0,0,0,0,0,0,0,false,414001581,415826370,414001581,415826370,36613,36631,2,2,10000000,10000000
full,10000000,random_sparse_diff,5,10000,1752662792,1245734083,-28.923,material gain,1725643583,3596019625,1151634375,1424827166,175266.279,124573.408,5705.604,8027.395,2910257152,2703687680,-7.098,false,600924160,603893760,0.494,false,17118,17154,0,0,246766990,248193352,0,0,false,414001581,415826370,537385076,539923046,36613,36631,2,2,10000000,10000000
full,10000000,right_edge_reads_cold_manager,5,1000000,1028773667,586775000,-42.964,material gain,959170958,1462844166,530328209,1138019584,1028.774,586.775,972031.101,1704230.753,2030125056,1874182144,-7.681,false,466640896,468623360,0.425,false,32,42,0,0,441597,438020,0,0,true,414001581,415826370,414001581,415826370,36613,36631,2,2,10000000,10000000
full,10000000,right_edge_reads_warm_manager,5,1000000,888047834,438288750,-50.646,material gain,861491917,1211519291,422279292,474087625,888.048,438.289,1126065.468,2281600.885,2028945408,1873199104,-7.676,false,466640896,468623360,0.425,false,0,0,0,0,0,0,0,0,false,414001581,415826370,414001581,415826370,36613,36631,2,2,10000000,10000000
full,10000000,shuffled_batch_build,5,10000000,10719022042,14321461625,33.608,noise-sensitive,9856336791,14265775208,9885634625,16481123083,1071.902,1432.146,932920.929,698252.753,3019177984,3399811072,12.607,true,466608128,468590592,0.425,false,0,0,0,0,0,0,0,0,false,414001581,415826370,414001581,415826370,36613,36631,2,2,10000000,10000000
full,10000000,sorted_stream_build,5,10000000,9585961417,10902692792,13.736,material regression,8775106917,11323008458,8759854375,14571890917,958.596,1090.269,1043192.181,917204.602,2035302400,1878720512,-7.693,false,466608128,468590592,0.425,false,0,0,0,0,0,0,0,0,false,414001581,415826370,414001581,415826370,36613,36631,2,2,10000000,10000000
normal,1000,append_batch_upserts,5,100,1061417,769542,-27.499,noise-sensitive,588083,1463709,442166,1369083,10614.170,7695.420,94213.679,129947.423,4521984,4407296,-2.536,false,69632,86016,23.529,false,2,2,2,2,9151,3573,13263,7687,false,45573,46200,54724,49773,5,8,1,1,1100,1100
normal,1000,append_disjoint_sparse_merge,5,100,616541,324250,-47.408,noise-sensitive,588084,764292,318583,442041,6165.410,3242.500,162195.215,308404.009,4980736,4653056,-6.579,false,102400,102400,0.000,false,6,6,2,2,31567,14833,13263,7687,false,45573,46200,77140,61033,5,8,1,1,1100,1100
normal,1000,append_sparse_diff,5,100,140542,64375,-54.195,noise-sensitive,127667,161583,63583,81417,1405.420,643.750,711531.073,1553398.058,4603904,4456448,-3.203,false,102400,118784,16.000,false,4,4,0,0,22414,11260,0,0,false,45573,46200,54724,49773,5,8,1,1,1100,1100
normal,1000,clustered_batch_deletes,5,100,452833,543250,19.967,noise-sensitive,389083,575500,508375,883959,4528.330,5432.500,220831.962,184077.312,4292608,4390912,2.290,false,65536,81920,25.000,false,2,4,2,2,12523,23773,8413,3491,true,37351,37974,49874,45577,5,8,1,1,900,900
normal,1000,clustered_batch_updates,5,100,611500,447750,-26.778,noise-sensitive,513750,803750,398833,742000,6115.000,4477.500,163532.298,223338.917,4423680,4325376,-2.222,false,69632,86016,23.529,false,3,3,2,2,21484,10814,12523,7603,false,41461,42086,53984,49689,5,8,1,1,1000,1000
normal,1000,clustered_conflict_resolved_merge,5,50,244042,107750,-55.848,noise-sensitive,240625,259250,104500,120375,4880.840,2155.000,204882.766,464037.123,4603904,4554752,-1.068,false,90112,94208,4.545,false,6,6,0,0,37569,22809,0,0,false,41461,42086,66507,57292,5,8,1,1,1000,1000
normal,1000,clustered_delete_diff,5,100,141333,66625,-52.860,noise-sensitive,130333,153250,59875,78792,1413.330,666.250,707548.839,1500938.086,4423680,4456448,0.741,false,98304,114688,16.667,false,4,4,0,0,20936,11094,0,0,false,37351,37974,49874,45577,5,8,1,1,900,900
normal,1000,clustered_disjoint_sparse_merge,5,100,442083,308292,-30.264,noise-sensitive,416959,567583,285250,408000,4420.830,3082.920,226201.867,324367.807,4653056,4554752,-2.113,false,102400,102400,0.000,false,6,6,2,2,37569,22809,12523,7603,false,41461,42086,79030,64895,5,8,1,1,1000,1000
normal,1000,clustered_reads_cold_manager,5,1000000,555583125,414551042,-25.385,material gain,548701917,642391875,404680542,481983208,555.583,414.551,1799910.679,2412248.188,3997696,3981312,-0.410,false,90112,102400,13.636,false,5,8,0,0,41461,42086,0,0,true,41461,42086,41461,42086,5,8,1,1,1000,1000
normal,1000,clustered_reads_warm_manager,5,1000000,558254209,407895542,-26.934,material gain,549355209,646550667,405343167,472250625,558.254,407.896,1791298.630,2451608.064,3997696,4014080,0.410,false,90112,102400,13.636,false,0,0,0,0,0,0,0,0,false,41461,42086,41461,42086,5,8,1,1,1000,1000
normal,1000,clustered_sparse_diff,5,100,156584,73791,-52.874,noise-sensitive,148500,166542,72542,86250,1565.840,737.910,638634.854,1355178.816,4521984,4407296,-2.536,false,102400,118784,16.000,false,4,4,0,0,25046,15206,0,0,false,41461,42086,53984,49689,5,8,1,1,1000,1000
normal,1000,identical_diff,5,1,1458,1458,0.000,noise-sensitive,1417,1750,1375,1750,1458.000,1458.000,685871.056,685871.056,3997696,4030464,0.820,false,90112,102400,13.636,false,0,0,0,0,0,0,0,0,false,41461,42086,41461,42086,5,8,1,1,1000,1000
normal,1000,random_batch_deletes,5,100,919209,881292,-4.125,noise-sensitive,847625,1276250,809000,1159292,9192.090,8812.920,108789.187,113469.769,4816896,4898816,1.701,false,106496,118784,11.538,false,5,8,5,8,41461,42086,37361,37986,true,37361,37986,78822,80072,5,8,1,1,900,900
normal,1000,random_batch_updates,5,100,962208,821583,-14.615,noise-sensitive,934834,1166250,758833,1139542,9622.080,8215.830,103927.633,121716.248,4784128,4702208,-1.712,false,106496,131072,23.077,false,5,8,5,8,41461,42086,41461,42086,true,41461,42086,82922,84172,5,8,1,1,1000,1000
normal,1000,random_conflict_resolved_merge,5,50,743417,441709,-40.584,noise-sensitive,699708,834125,425750,472500,14868.340,8834.180,67257.004,113196.697,5128192,5373952,4.792,false,151552,188416,24.324,false,15,24,0,0,124383,126258,0,0,true,41461,42086,124383,126258,5,8,1,1,1000,1000
normal,1000,random_delete_diff,5,100,541167,272750,-49.600,noise-sensitive,520750,593292,263125,297875,5411.670,2727.500,184785.842,366636.114,5177344,5144576,-0.633,false,139264,151552,8.824,false,10,16,0,0,78822,80072,0,0,true,37361,37986,78822,80072,5,8,1,1,900,900
normal,1000,random_disjoint_sparse_merge,5,100,463959,305292,-34.198,noise-sensitive,425500,636167,293333,393542,4639.590,3052.920,215536.287,327555.259,4898816,4964352,1.338,false,131072,151552,15.625,false,6,6,2,2,37569,22809,12523,7603,false,41461,42086,107968,99378,5,8,1,1,1000,1000
normal,1000,random_reads_cold_manager,5,1000000,549008250,419965167,-23.505,material gain,547256875,644337292,406554125,477659417,549.008,419.965,1821466.253,2381149.863,4046848,4046848,0.000,false,90112,102400,13.636,false,5,8,0,0,41461,42086,0,0,true,41461,42086,41461,42086,5,8,1,1,1000,1000
normal,1000,random_reads_warm_manager,5,1000000,554519917,417726250,-24.669,material gain,548752083,637077084,405312708,475004000,554.520,417.726,1803361.736,2393912.281,4046848,4030464,-0.405,false,90112,102400,13.636,false,0,0,0,0,0,0,0,0,false,41461,42086,41461,42086,5,8,1,1,1000,1000
normal,1000,random_sparse_diff,5,100,441208,281084,-36.292,noise-sensitive,420750,496834,270000,301542,4412.080,2810.840,226650.469,355765.536,4947968,4931584,-0.331,false,139264,163840,17.647,false,10,16,0,0,82922,84172,0,0,true,41461,42086,82922,84172,5,8,1,1,1000,1000
normal,1000,right_edge_reads_cold_manager,5,1000000,557132292,407424250,-26.871,material gain,552670709,644129459,405066208,473144834,557.132,407.424,1794905.832,2454443.986,3997696,4030464,0.820,false,90112,102400,13.636,false,5,8,0,0,41461,42086,0,0,true,41461,42086,41461,42086,5,8,1,1,1000,1000
normal,1000,right_edge_reads_warm_manager,5,1000000,581789333,413644375,-28.901,material gain,550735833,658497792,409519167,483740625,581.789,413.644,1718835.227,2417535.594,3997696,4030464,0.820,false,90112,102400,13.636,false,0,0,0,0,0,0,0,0,false,41461,42086,41461,42086,5,8,1,1,1000,1000
normal,1000,shuffled_batch_build,5,1000,1092666,913416,-16.405,noise-sensitive,990125,1343500,896750,1302917,1092.666,913.416,915192.749,1094791.420,5177344,5226496,0.949,false,57344,69632,21.429,false,0,0,0,0,0,0,0,0,false,41461,42086,41461,42086,5,8,1,1,1000,1000
normal,1000,sorted_stream_build,5,1000,1013667,832875,-17.835,noise-sensitive,858542,2100625,763584,1063416,1013.667,832.875,986517.268,1200660.363,4866048,4915200,1.010,false,57344,69632,21.429,false,0,0,0,0,0,0,0,0,false,41461,42086,41461,42086,5,8,1,1,1000,1000
normal,10000,append_batch_upserts,5,100,1830792,1775875,-3.000,noise-sensitive,1157417,4002250,816625,5278375,18307.920,17758.750,54621.169,56310.270,7847936,6881280,-12.317,false,499712,499712,0.000,false,2,2,3,2,6995,5718,11188,9833,false,418414,420190,425409,425908,41,39,1,1,10100,10100
normal,10000,append_disjoint_sparse_merge,5,100,708291,628292,-11.295,noise-sensitive,631125,996083,451208,690375,7082.910,6282.920,141184.908,159161.664,7946240,7159808,-9.897,false,524288,536576,2.344,false,6,6,2,2,25101,21274,11108,9833,false,418334,420190,443435,441464,40,39,1,1,10100,10100
normal,10000,append_sparse_diff,5,100,214208,89709,-58.121,noise-sensitive,210959,248000,88834,261209,2142.080,897.090,466835.973,1114715.357,7487488,6864896,-8.315,false,532480,532480,0.000,false,5,4,0,0,18183,15551,0,0,false,418414,420190,425409,425908,41,39,1,1,10100,10100
normal,10000,clustered_batch_deletes,5,100,1330833,1553458,16.728,material regression,1007875,3734792,1487167,6493792,13308.330,15534.580,75140.908,64372.516,7634944,7307264,-4.292,false,512000,520192,1.600,false,3,7,3,4,23564,67048,19451,30238,true,410108,411838,433672,446313,40,38,1,1,9900,9900
normal,10000,clustered_batch_updates,5,100,1396417,1370125,-1.883,noise-sensitive,1038375,3453333,960750,5666708,13964.170,13701.250,71611.847,72986.041,7733248,7127040,-7.839,false,512000,520192,1.600,false,4,5,3,4,29031,33569,23564,29454,true,414221,416075,437785,445529,40,39,1,1,10000,10000
normal,10000,clustered_conflict_resolved_merge,5,50,354375,161875,-54.321,noise-sensitive,346042,414666,155625,523792,7087.500,3237.500,141093.474,308880.309,7733248,7045120,-8.898,false,528384,503808,-4.651,false,6,6,0,0,46026,14079,0,0,false,414221,416075,444905,425461,40,39,1,1,10000,10000
normal,10000,clustered_delete_diff,5,100,3455167,380125,-88.998,noise-sensitive,3315541,3846333,358833,540667,34551.670,3801.250,28942.161,263071.358,10141696,7536640,-25.687,false,544768,552960,1.504,false,43,9,0,0,433672,64713,0,0,false,410108,411838,433672,446313,40,38,1,1,9900,9900
normal,10000,clustered_disjoint_sparse_merge,5,100,748042,384125,-48.649,noise-sensitive,652666,1188959,344750,582375,7480.420,3841.250,133682.333,260331.923,7929856,7372800,-7.025,false,557056,548864,-1.471,false,6,6,2,2,46026,14079,15342,4693,false,414221,416075,468469,454915,40,39,1,1,10000,10000
normal,10000,clustered_reads_cold_manager,5,1000000,647684000,420802792,-35.030,material gain,612735709,820629542,419077000,630645959,647.684,420.803,1543962.797,2376410.088,5865472,5685248,-3.073,false,516096,516096,0.000,false,40,39,0,0,414221,416075,0,0,false,414221,416075,414221,416075,40,39,1,1,10000,10000
normal,10000,clustered_reads_warm_manager,5,1000000,667846834,418802000,-37.291,material gain,608197000,911883083,410010916,613766458,667.847,418.802,1497349.316,2387763.191,5881856,5685248,-3.343,false,516096,516096,0.000,false,0,0,0,0,0,0,0,0,false,414221,416075,414221,416075,40,39,1,1,10000,10000
normal,10000,clustered_sparse_diff,5,100,303708,277458,-8.643,noise-sensitive,291292,331125,239167,387375,3037.080,2774.580,329263.635,360414.910,7651328,7176192,-6.210,false,544768,552960,1.504,false,6,8,0,0,47128,58908,0,0,true,414221,416075,437785,445529,40,39,1,1,10000,10000
normal,10000,identical_diff,5,1,1667,1542,-7.499,noise-sensitive,1334,4417,1334,3958,1667.000,1542.000,599880.024,648508.431,7061504,6586368,-6.729,false,516096,516096,0.000,false,0,0,0,0,0,0,0,0,false,414221,416075,414221,416075,40,39,1,1,10000,10000
normal,10000,random_batch_deletes,5,100,7089541,5487916,-22.591,material gain,6712250,19776708,5316083,11703750,70895.410,54879.160,14105.286,18221.853,10584064,10092544,-4.644,false,921600,937984,1.778,false,35,40,35,36,381623,417677,377523,397649,true,410121,411972,791744,813724,40,39,1,1,9900,9900
normal,10000,random_batch_updates,5,100,7025917,6091750,-13.296,material gain,6838916,18412750,4756166,10366542,70259.170,60917.500,14233.018,16415.644,10780672,10289152,-4.559,false,921600,925696,0.444,false,35,35,35,35,381623,390152,381623,390152,false,414221,416075,795844,806227,40,39,1,1,10000,10000
normal,10000,random_conflict_resolved_merge,5,50,5870208,2925500,-50.164,material gain,5611875,6139875,2862542,7389917,117404.160,58510.000,8517.586,17091.096,12353536,11894784,-3.714,false,1228800,1282048,4.333,false,84,93,0,0,987885,1057785,0,0,true,414221,416075,1072811,1121265,40,39,1,1,10000,10000
normal,10000,random_delete_diff,5,100,3986917,2980917,-25.233,material gain,3889792,4213666,2725292,3156833,39869.170,29809.170,25082.037,33546.724,10502144,10354688,-1.404,false,954368,970752,1.717,false,70,72,0,0,759146,799401,0,0,true,410121,411972,791744,813724,40,39,1,1,9900,9900
normal,10000,random_disjoint_sparse_merge,5,100,497917,622625,25.046,noise-sensitive,450084,563333,558417,781500,4979.170,6226.250,200836.686,160610.319,9109504,8781824,-3.597,false,942080,978944,3.913,false,6,6,2,2,29250,68220,9750,22740,true,414221,416075,815344,851707,40,39,1,1,10000,10000
normal,10000,random_reads_cold_manager,5,1000000,679011208,424347083,-37.505,material gain,607233209,824755167,414319084,564796500,679.011,424.347,1472729.740,2356561.504,6111232,5849088,-4.290,false,516096,516096,0.000,false,40,39,0,0,414221,416075,0,0,false,414221,416075,414221,416075,40,39,1,1,10000,10000
normal,10000,random_reads_warm_manager,5,1000000,663062208,418262291,-36.920,material gain,602088375,834515459,408908875,573791667,663.062,418.262,1508154.119,2390844.266,6078464,5799936,-4.582,false,516096,516096,0.000,false,0,0,0,0,0,0,0,0,false,414221,416075,414221,416075,40,39,1,1,10000,10000
normal,10000,random_sparse_diff,5,100,3981791,2363958,-40.631,material gain,3868959,4158458,2189542,5887791,39817.910,23639.580,25114.327,42301.936,10780672,10354688,-3.951,false,954368,958464,0.429,false,70,70,0,0,763246,780304,0,0,false,414221,416075,795844,806227,40,39,1,1,10000,10000
normal,10000,right_edge_reads_cold_manager,5,1000000,701591125,427725125,-39.035,material gain,615923042,830860917,411094917,540637791,701.591,427.725,1425331.599,2337950.103,5865472,5701632,-2.793,false,516096,516096,0.000,false,40,39,0,0,414221,416075,0,0,false,414221,416075,414221,416075,40,39,1,1,10000,10000
normal,10000,right_edge_reads_warm_manager,5,1000000,707693834,422217875,-40.339,material gain,600945083,745542875,417926417,558545875,707.694,422.218,1413040.431,2368445.438,5881856,5685248,-3.343,false,516096,516096,0.000,false,0,0,0,0,0,0,0,0,false,414221,416075,414221,416075,40,39,1,1,10000,10000
normal,10000,shuffled_batch_build,5,10000,6147791,5692125,-7.412,noise-sensitive,5484583,7304333,5421875,7773625,614.779,569.212,1626600.514,1756813.141,10960896,10436608,-4.783,false,483328,483328,0.000,false,0,0,0,0,0,0,0,0,false,414221,416075,414221,416075,40,39,1,1,10000,10000
normal,10000,sorted_stream_build,5,10000,6171042,5584583,-9.503,material gain,5708917,10136750,5323583,7257375,617.104,558.458,1620471.875,1790643.993,8355840,8044544,-3.725,false,483328,483328,0.000,false,0,0,0,0,0,0,0,0,false,414221,416075,414221,416075,40,39,1,1,10000,10000
normal,50000,append_batch_upserts,5,500,5773625,6839666,18.464,material regression,3987625,12893834,5339500,45783292,11547.250,13679.332,86600.706,73102.985,16908288,15777792,-6.686,false,2408448,2420736,0.510,false,2,2,6,5,8594,17614,29466,38557,true,2092074,2100520,2100668,2118134,203,190,1,1,50500,50500
normal,50000,append_disjoint_sparse_merge,5,500,1396083,1289583,-7.628,noise-sensitive,1000000,2271333,1007125,2760791,2792.166,2579.166,358144.895,387722.233,16941056,15941632,-5.899,false,2433024,2457600,1.010,false,7,7,3,3,37988,59058,20795,23825,true,2091996,2100520,2121846,2150939,202,190,1,1,50500,50500
normal,50000,append_sparse_diff,5,500,844250,572500,-32.188,noise-sensitive,466833,1317333,317750,742167,1688.500,1145.000,592241.635,873362.445,16465920,15319040,-6.965,false,2441216,2453504,0.503,false,8,7,0,0,38060,56171,0,0,true,2092074,2100520,2100668,2118134,203,190,1,1,50500,50500
normal,50000,clustered_batch_deletes,5,500,4699500,7835375,66.728,material regression,3875834,11980542,5655166,18355917,9399.000,15670.750,106394.297,63813.155,16515072,15319040,-7.242,false,2387968,2404352,0.686,false,4,6,3,2,39304,70384,18668,18360,true,2050566,2058769,2089870,2097937,198,185,1,1,49500,49500
normal,50000,clustered_batch_updates,5,500,5906667,6353083,7.558,noise-sensitive,4865333,13571792,5523417,19697166,11813.334,12706.166,84650.108,78701.947,16908288,15319040,-9.399,false,2408448,2420736,0.510,false,5,5,4,4,40289,49246,39304,39168,true,2071202,2079577,2110506,2118745,199,187,1,1,50000,50000
normal,50000,clustered_conflict_resolved_merge,5,250,1504417,925792,-38.462,noise-sensitive,1082000,2059625,746000,3079584,6017.668,3703.168,166177.330,270039.058,17203200,15499264,-9.905,false,2457600,2461696,0.167,false,12,9,0,0,117912,101949,0,0,false,2071202,2079577,2149810,2147543,199,187,1,1,50000,50000
normal,50000,clustered_delete_diff,5,500,19833375,445875,-97.752,noise-sensitive,17611375,32657375,359541,491000,39666.750,891.750,25210.031,1121390.524,30572544,15269888,-50.054,false,2420736,2437120,0.677,false,202,6,0,0,2089870,57528,0,0,false,2050566,2058769,2089870,2097937,198,185,1,1,49500,49500
normal,50000,clustered_disjoint_sparse_merge,5,500,1072958,1627292,51.664,material regression,675458,1836000,1284792,2383583,2145.916,3254.584,466001.465,307258.931,16728064,15368192,-8.129,false,2445312,2461696,0.670,false,6,6,2,2,34419,52476,11473,17492,true,2071202,2079577,2133452,2153729,199,187,1,1,50000,50000
normal,50000,clustered_reads_cold_manager,5,1000000,670979417,456401459,-31.980,material gain,638575334,753027375,423922333,548406583,670.979,456.401,1490358.683,2191053.469,15351808,14041088,-8.538,false,2400256,2408448,0.341,false,54,41,0,0,428763,426678,0,0,false,2071202,2079577,2071202,2079577,199,187,1,1,50000,50000
normal,50000,clustered_reads_warm_manager,5,1000000,647955792,431708500,-33.374,material gain,626554667,786317834,410214750,595170959,647.956,431.709,1543315.165,2316377.834,15253504,14057472,-7.841,false,2400256,2408448,0.341,false,0,0,0,0,0,0,0,0,false,2071202,2079577,2071202,2079577,199,187,1,1,50000,50000
normal,50000,clustered_sparse_diff,5,500,710625,887208,24.849,noise-sensitive,565750,824875,517417,4654750,1421.250,1774.416,703605.981,563565.703,16351232,14974976,-8.417,false,2441216,2453504,0.503,false,8,8,0,0,78608,78336,0,0,false,2071202,2079577,2110506,2118745,199,187,1,1,50000,50000
normal,50000,identical_diff,5,1,1625,1584,-2.523,noise-sensitive,1333,4583,1333,2459,1625.000,1584.000,615384.615,631313.131,15695872,14450688,-7.933,false,2400256,2408448,0.341,false,0,0,0,0,0,0,0,0,false,2071202,2079577,2071202,2079577,199,187,1,1,50000,50000
normal,50000,random_batch_deletes,5,500,42768333,41098208,-3.905,noise-sensitive,41101500,71187250,34806792,90656708,85536.666,82196.416,11690.893,12165.981,33357824,28983296,-13.114,false,4501504,4550656,1.092,false,169,188,169,160,1915782,2086957,1895282,1906853,true,2050702,2058570,3966484,3986430,199,183,1,1,49500,49500
normal,50000,random_batch_updates,5,500,43533208,38892875,-10.659,material gain,41695083,69541541,32799208,121041875,87066.416,77785.750,11485.485,12855.825,33587200,29900800,-10.976,false,4542464,4534272,-0.180,false,169,158,169,158,1915782,1902498,1915782,1902498,false,2071202,2079577,3986984,3982075,199,187,1,1,50000,50000
normal,50000,random_conflict_resolved_merge,5,250,30713792,16138667,-47.455,material gain,29571833,33480875,15254750,21303000,122855.168,64554.668,8139.666,15490.747,37584896,34684928,-7.716,false,6053888,6221824,2.774,false,414,399,0,0,4975320,5173467,0,0,true,2071202,2079577,5388082,5528555,199,187,1,1,50000,50000
normal,50000,random_delete_diff,5,500,19410750,14918417,-23.144,noise-sensitive,17587125,21737042,14068500,22212625,38821.500,29836.834,25758.922,33515.620,47972352,29163520,-39.208,false,4534272,4583424,1.084,false,368,324,0,0,3966484,3834713,0,0,false,2050702,2058570,3966484,3986430,199,183,1,1,49500,49500
normal,50000,random_disjoint_sparse_merge,5,500,777292,642792,-17.304,noise-sensitive,682958,1002333,600834,7119417,1554.584,1285.584,643258.904,777856.601,23330816,20234240,-13.272,false,4554752,4567040,0.270,false,6,6,2,2,49218,52845,16406,17615,true,2071202,2079577,4019796,4017305,199,187,1,1,50000,50000
normal,50000,random_reads_cold_manager,5,1000000,715106042,530908542,-25.758,material gain,664138041,799069917,493344750,599478541,715.106,530.909,1398394.002,1883563.591,12582912,11698176,-7.031,false,2400256,2408448,0.341,false,199,187,0,0,2071202,2079577,0,0,false,2071202,2079577,2071202,2079577,199,187,1,1,50000,50000
normal,50000,random_reads_warm_manager,5,1000000,680445708,505183375,-25.757,material gain,642317166,755143000,485996708,602338625,680.446,505.183,1469624.965,1979479.234,12566528,11681792,-7.040,false,2400256,2408448,0.341,false,0,0,0,0,0,0,0,0,false,2071202,2079577,2071202,2079577,199,187,1,1,50000,50000
normal,50000,random_sparse_diff,5,500,21479583,11765833,-45.223,material gain,21323334,23263500,10855417,20387375,42959.166,23531.666,23277.919,42495.929,33619968,29982720,-10.819,false,4575232,4567040,-0.179,false,338,316,0,0,3831564,3804996,0,0,false,2071202,2079577,3986984,3982075,199,187,1,1,50000,50000
normal,50000,right_edge_reads_cold_manager,5,1000000,663087792,445209584,-32.858,material gain,636537000,757319416,418244084,743995084,663.088,445.210,1508095.929,2246133.138,15302656,13959168,-8.779,false,2400256,2408448,0.341,false,40,36,0,0,428358,428374,0,0,false,2071202,2079577,2071202,2079577,199,187,1,1,50000,50000
normal,50000,right_edge_reads_warm_manager,5,1000000,649490250,428267375,-34.061,material gain,622461833,734642833,408192667,646000709,649.490,428.267,1539668.994,2334989.911,15187968,13975552,-7.983,false,2400256,2408448,0.341,false,0,0,0,0,0,0,0,0,false,2071202,2079577,2071202,2079577,199,187,1,1,50000,50000
normal,50000,shuffled_batch_build,5,50000,27886458,26953583,-3.345,noise-sensitive,26446500,39080958,25992167,45061917,557.729,539.072,1792984.968,1855040.942,30654464,31997952,4.383,false,2367488,2375680,0.346,false,0,0,0,0,0,0,0,0,false,2071202,2079577,2071202,2079577,199,187,1,1,50000,50000
normal,50000,sorted_stream_build,5,50000,29848292,27238000,-8.745,noise-sensitive,27869208,43917250,26642667,42042917,596.966,544.760,1675137.726,1835670.754,20627456,19890176,-3.574,false,2367488,2375680,0.346,false,0,0,0,0,0,0,0,0,false,2071202,2079577,2071202,2079577,199,187,1,1,50000,50000
normal,100000,append_batch_upserts,5,1000,11167042,8890458,-20.387,noise-sensitive,9634459,28191292,7956709,26390583,11167.042,8890.458,89549.229,112480.144,28049408,26017792,-7.243,false,4780032,4763648,-0.343,false,3,3,9,5,24446,8001,66032,49375,false,4182715,4200803,4207161,4208804,387,378,2,2,101000,101000
normal,100000,append_disjoint_sparse_merge,5,1000,3794166,2776750,-26.815,noise-sensitive,3706667,6737750,2648167,6808875,3794.166,2776.750,263562.533,360133.249,28016640,25722880,-8.187,false,4820992,4812800,-0.170,false,10,10,4,4,79092,45106,30194,29098,false,4182481,4200803,4243280,4243191,384,378,2,2,101000,101000
normal,100000,append_sparse_diff,5,1000,1088292,766417,-29.576,noise-sensitive,941459,2202958,534000,1358625,1088.292,766.417,918871.038,1304772.728,27246592,25264128,-7.276,false,4812800,4796416,-0.340,false,12,8,0,0,90478,57376,0,0,false,4182715,4200803,4207161,4208804,387,378,2,2,101000,101000
normal,100000,clustered_batch_deletes,5,1000,8431125,11014250,30.638,material regression,7728750,20379625,10904333,31231291,8431.125,11014.250,118608.134,90791.475,27459584,25198592,-8.234,false,4747264,4734976,-0.259,false,6,10,4,3,78963,98359,37691,23984,true,4099857,4117806,4178820,4183413,379,372,2,2,99000,99000
normal,100000,clustered_batch_updates,5,1000,13619167,13308167,-2.284,noise-sensitive,10642166,28365250,12115084,36690334,13619.167,13308.167,73425.930,75141.828,27688960,25722880,-7.101,false,4792320,4788224,-0.085,false,8,9,6,7,103293,73438,78963,65607,true,4141129,4159429,4220092,4225036,381,376,2,2,100000,100000
normal,100000,clustered_conflict_resolved_merge,5,500,1548583,1285875,-16.964,material gain,1320584,2479041,1184375,1692041,3097.166,2571.750,322875.816,388840.284,28147712,25624576,-8.964,false,4833280,4833280,0.000,false,15,18,0,0,173613,157086,0,0,true,4141129,4159429,4256871,4264153,381,376,2,2,100000,100000
normal,100000,clustered_delete_diff,5,1000,33309416,671917,-97.983,noise-sensitive,28881500,60776500,610958,742708,33309.416,671.917,30021.541,1488279.058,37339136,25165824,-32.602,false,4780032,4767744,-0.257,false,208,10,0,0,2183166,89591,0,0,false,4099857,4117806,4178820,4183413,379,372,2,2,99000,99000
normal,100000,clustered_disjoint_sparse_merge,5,1000,2218541,2148792,-3.144,noise-sensitive,1752500,4748042,1612083,3845500,2218.541,2148.792,450746.684,465377.756,27820032,25755648,-7.420,false,4849664,4837376,-0.253,false,9,9,3,3,86913,63054,28971,21018,false,4141129,4159429,4278034,4267072,381,376,2,2,100000,100000
normal,100000,clustered_reads_cold_manager,5,1000000,777820542,442563167,-43.102,material gain,749856917,945475500,434846083,533068792,777.821,442.563,1285643.598,2259564.452,25640960,23904256,-6.773,false,4739072,4739072,0.000,false,41,43,0,0,449147,427654,0,0,true,4141129,4159429,4141129,4159429,381,376,2,2,100000,100000
normal,100000,clustered_reads_warm_manager,5,1000000,766979042,424656750,-44.633,material gain,727101708,856258625,419757459,482198208,766.979,424.657,1303816.591,2354843.059,25657344,23773184,-7.344,false,4739072,4739072,0.000,false,0,0,0,0,0,0,0,0,false,4141129,4159429,4141129,4159429,381,376,2,2,100000,100000
normal,100000,clustered_sparse_diff,5,1000,1543417,1247917,-19.146,material gain,1304833,4631792,1106416,1740458,1543.417,1247.917,647913.040,801335.345,27164672,25296896,-6.876,false,4825088,4820992,-0.085,false,12,14,0,0,157926,131214,0,0,true,4141129,4159429,4220092,4225036,381,376,2,2,100000,100000
normal,100000,identical_diff,5,1,1292,1542,19.350,noise-sensitive,1250,1709,1375,1958,1292.000,1542.000,773993.808,648508.431,26034176,24231936,-6.923,false,4739072,4739072,0.000,false,0,0,0,0,0,0,0,0,false,4141129,4159429,4141129,4159429,381,376,2,2,100000,100000
normal,100000,random_batch_deletes,5,1000,104763709,91157166,-12.988,noise-sensitive,97784959,170623500,85576708,171696584,104763.709,91157.166,9545.290,10970.065,57524224,50184192,-12.760,false,8912896,9019392,1.195,false,320,377,320,321,3802839,4159641,3761837,3831138,true,4100127,4118169,7902966,7990567,381,374,2,2,99000,99000
normal,100000,random_batch_updates,5,1000,103348333,84384875,-18.349,noise-sensitive,98645625,186567042,78818208,173101167,103348.333,84384.875,9676.015,11850.465,57835520,52297728,-9.575,false,8937472,9007104,0.779,false,320,315,320,315,3802839,3828688,3802839,3828688,false,4141129,4159429,7943968,7988117,381,376,2,2,100000,100000
normal,100000,random_conflict_resolved_merge,5,500,60824416,33765666,-44.487,material gain,58121250,67234125,31951375,40352833,121648.832,67531.332,8220.383,14807.941,66207744,60030976,-9.329,false,11862016,12066816,1.727,false,756,762,0,0,9711192,9968892,0,0,false,4141129,4159429,10615257,10805357,381,376,2,2,100000,100000
normal,100000,random_delete_diff,5,1000,39633625,33023042,-16.679,material gain,37622625,72142708,30958042,35396583,39633.625,33023.042,25231.101,30281.886,74661888,47562752,-36.296,false,8945664,9052160,1.190,false,701,644,0,0,7902966,7703536,0,0,false,4100127,4118169,7902966,7990567,381,374,2,2,99000,99000
normal,100000,random_disjoint_sparse_merge,5,1000,533666,865375,62.157,noise-sensitive,477875,638042,835625,1852375,533.666,865.375,1873831.198,1155568.395,37683200,31866880,-15.435,false,8978432,9048064,0.776,false,6,9,2,3,23640,68847,7880,22949,true,4141129,4159429,7959728,8034015,381,376,2,2,100000,100000
normal,100000,random_reads_cold_manager,5,1000000,842816958,635138959,-24.641,material gain,806179375,971897583,599270083,1125478333,842.817,635.139,1186497.247,1574458.606,20627456,18972672,-8.022,false,4739072,4739072,0.000,false,381,376,0,0,4141129,4159429,0,0,false,4141129,4159429,4141129,4159429,381,376,2,2,100000,100000
normal,100000,random_reads_warm_manager,5,1000000,792581833,592126792,-25.291,material gain,757920666,1037784583,566080000,660348333,792.582,592.127,1261699.371,1688827.483,20578304,19021824,-7.564,false,4739072,4739072,0.000,false,0,0,0,0,0,0,0,0,false,4141129,4159429,4141129,4159429,381,376,2,2,100000,100000
normal,100000,random_sparse_diff,5,1000,45151875,25027292,-44.571,material gain,41149125,51174041,23195833,26876625,45151.875,25027.292,22147.474,39956.380,57294848,52183040,-8.922,false,8970240,9039872,0.776,false,640,630,0,0,7605678,7657376,0,0,false,4141129,4159429,7943968,7988117,381,376,2,2,100000,100000
normal,100000,right_edge_reads_cold_manager,5,1000000,793318500,445278791,-43.871,material gain,753333125,893175708,443629000,539598000,793.318,445.279,1260527.770,2245784.035,25772032,23740416,-7.883,false,4739072,4739072,0.000,false,42,41,0,0,431633,423175,0,0,false,4141129,4159429,4141129,4159429,381,376,2,2,100000,100000
normal,100000,right_edge_reads_warm_manager,5,1000000,766180542,422036875,-44.917,material gain,732653000,849951959,419898334,513876625,766.181,422.037,1305175.406,2369461.199,25772032,23805952,-7.629,false,4739072,4739072,0.000,false,0,0,0,0,0,0,0,0,false,4141129,4159429,4141129,4159429,381,376,2,2,100000,100000
normal,100000,shuffled_batch_build,5,100000,68743417,65776375,-4.316,noise-sensitive,60198375,98226167,61304958,98816541,687.434,657.764,1454684.745,1520302.692,55099392,53936128,-2.111,false,4706304,4706304,0.000,false,0,0,0,0,0,0,0,0,false,4141129,4159429,4141129,4159429,381,376,2,2,100000,100000
normal,100000,sorted_stream_build,5,100000,67162083,62949375,-6.272,noise-sensitive,63061584,114436208,58582625,107432500,671.621,629.494,1488935.357,1588578.123,28721152,30539776,6.332,false,4706304,4706304,0.000,false,0,0,0,0,0,0,0,0,false,4141129,4159429,4141129,4159429,381,376,2,2,100000,100000
normal,1000000,append_batch_upserts,5,10000,65905417,69882083,6.034,noise-sensitive,62186500,135764250,66290291,147548125,6590.542,6988.208,151732.596,143098.196,215678976,199393280,-7.551,false,47071232,47316992,0.522,false,3,3,36,42,26426,16886,440151,433014,true,41812942,41996705,41839368,42013591,3683,3686,2,2,1010000,1010000
normal,1000000,append_disjoint_sparse_merge,5,10000,11616041,11307417,-2.657,noise-sensitive,10304792,21012458,10096084,17648416,1161.604,1130.742,860878.504,884375.273,215777280,199458816,-7.563,false,47108096,47366144,0.548,false,27,31,21,25,274983,264951,222125,231173,true,41813253,41996705,41884622,42055470,3687,3686,2,2,1010000,1010000
normal,1000000,append_sparse_diff,5,10000,10769667,9330041,-13.367,noise-sensitive,10119459,20363416,8527000,18482167,1076.967,933.004,928533.816,1071806.651,218267648,202964992,-7.011,false,47104000,47349760,0.522,false,39,45,0,0,466577,449900,0,0,true,41812942,41996705,41839368,42013591,3683,3686,2,2,1010000,1010000
normal,1000000,clustered_batch_deletes,5,10000,64427458,79956459,24.103,noise-sensitive,61701000,136943625,75339542,159691834,6442.746,7995.646,155213.325,125068.070,213598208,196476928,-8.016,false,46628864,46837760,0.448,false,39,59,4,3,459956,590464,46083,23911,true,40985344,41164194,41445300,41604488,3615,3606,2,2,990000,990000
normal,1000000,clustered_batch_updates,5,10000,106851917,106981708,0.121,noise-sensitive,102493625,227471459,103453208,235401792,10685.192,10698.171,93587.465,93473.924,216858624,199114752,-8.182,false,47063040,47325184,0.557,false,41,46,39,44,485859,456487,459956,440294,true,41399217,41580577,41859173,42020871,3650,3647,2,2,1000000,1000000
normal,1000000,clustered_conflict_resolved_merge,5,5000,12578542,11708458,-6.917,noise-sensitive,11721875,26200500,11529250,21871833,2515.708,2341.692,397502.350,427041.716,215269376,198672384,-7.710,false,47144960,47333376,0.400,false,63,69,0,0,746826,679260,0,0,true,41399217,41580577,41897101,42033417,3650,3647,2,2,1000000,1000000
normal,1000000,clustered_delete_diff,5,10000,213636875,3344333,-98.435,material gain,206283042,1057564125,3238167,4217917,21363.688,334.433,46808.399,2990132.861,227688448,200065024,-12.132,false,46661632,46870528,0.448,false,518,47,0,0,6090498,464205,0,0,false,40985344,41164194,41445300,41604488,3615,3606,2,2,990000,990000
normal,1000000,clustered_disjoint_sparse_merge,5,10000,8469542,4642542,-45.185,material gain,6405167,13133292,4376500,45436333,846.954,464.254,1180701.389,2153992.360,213975040,198066176,-7.435,false,47153152,47386624,0.495,false,9,9,3,3,123783,105381,41261,35127,false,41399217,41580577,41941695,42091125,3650,3647,2,2,1000000,1000000
normal,1000000,clustered_reads_cold_manager,5,1000000,953005250,500866791,-47.443,material gain,846610125,1235637417,474609791,608281875,953.005,500.867,1049312.163,1996538.836,211992576,196608000,-7.257,false,46604288,46845952,0.519,false,39,44,0,0,459956,440294,0,0,true,41399217,41580577,41399217,41580577,3650,3647,2,2,1000000,1000000
normal,1000000,clustered_reads_warm_manager,5,1000000,838306417,445923333,-46.807,material gain,790392625,937959166,417343125,505215667,838.306,445.923,1192881.242,2242537.957,212140032,196378624,-7.430,false,46604288,46845952,0.519,false,0,0,0,0,0,0,0,0,false,41399217,41580577,41399217,41580577,3650,3647,2,2,1000000,1000000
normal,1000000,clustered_sparse_diff,5,10000,12091458,10173250,-15.864,noise-sensitive,11491250,18313583,10057750,15805208,1209.146,1017.325,827030.123,982970.044,220512256,202702848,-8.076,false,47095808,47357952,0.557,false,78,88,0,0,919912,880588,0,0,true,41399217,41580577,41859173,42020871,3650,3647,2,2,1000000,1000000
normal,1000000,identical_diff,5,1,1500,1750,16.667,noise-sensitive,1291,2209,1375,19458,1500.000,1750.000,666666.667,571428.571,212598784,197017600,-7.329,false,46604288,46845952,0.519,false,0,0,0,0,0,0,0,0,false,41399217,41580577,41399217,41580577,3650,3647,2,2,1000000,1000000
normal,1000000,random_batch_deletes,5,10000,1233775167,1012428542,-17.941,noise-sensitive,1198829084,2187695500,1001113584,1835172666,123377.517,101242.854,8105.204,9877.240,583122944,401915904,-31.075,false,88690688,90148864,1.644,false,3088,3635,3088,3187,38260666,41518660,37850637,38767651,true,40989188,41165275,79249854,80348228,3650,3606,2,2,990000,990000
normal,1000000,random_batch_updates,5,10000,1255112042,987330791,-21.335,material gain,1204459500,2306351209,942165584,1705745000,125511.204,98733.079,7967.416,10128.318,566444032,454688768,-19.729,false,89157632,89882624,0.813,false,3088,3115,3088,3115,38260666,38578275,38260666,38578275,false,41399217,41580577,79659883,80158852,3650,3647,2,2,1000000,1000000
normal,1000000,random_conflict_resolved_merge,5,5000,714171375,424281167,-40.591,material gain,693563292,734116459,409642791,439905583,142834.275,84856.233,7001.121,11784.638,605028352,525533184,-13.139,false,118767616,119468032,0.590,false,7383,7467,0,0,98281305,98688111,0,0,false,41399217,41580577,106920087,107372651,3650,3647,2,2,1000000,1000000
normal,1000000,random_delete_diff,5,10000,431020125,383042875,-11.131,material gain,409243917,445998500,377314959,417597500,43102.012,38304.287,23200.773,26106.738,624377856,405880832,-34.994,false,88723456,90181632,1.644,false,6703,6423,0,0,79061635,77993243,0,0,false,40989188,41165275,79249854,80348228,3650,3606,2,2,990000,990000
normal,1000000,random_disjoint_sparse_merge,5,10000,1108666,1109792,0.102,noise-sensitive,1066542,1426333,1074292,1390458,110.867,110.979,9019849.080,9010697.500,329711616,242925568,-26.322,false,89153536,89841664,0.772,false,6,9,2,3,60507,76395,20169,25465,true,41399217,41580577,79700221,80209782,3650,3647,2,2,1000000,1000000
normal,1000000,random_reads_cold_manager,5,1000000,1761271000,1631334750,-7.377,noise-sensitive,1650830667,2342348750,1517050667,2351622500,1761.271,1631.335,567771.797,612994.972,167542784,151339008,-9.671,false,46604288,46845952,0.519,false,3088,3115,0,0,38260666,38578275,0,0,false,41399217,41580577,41399217,41580577,3650,3647,2,2,1000000,1000000
normal,1000000,random_reads_warm_manager,5,1000000,1209558250,1089233875,-9.948,material gain,1086745500,1590416834,1056855458,1222483875,1209.558,1089.234,826748.112,918076.478,167624704,151388160,-9.686,false,46604288,46845952,0.519,false,0,0,0,0,0,0,0,0,false,41399217,41580577,41399217,41580577,3650,3647,2,2,1000000,1000000
normal,1000000,random_sparse_diff,5,10000,501295917,327147791,-34.740,material gain,495389833,534340333,316073417,339446709,50129.592,32714.779,19948.297,30567.225,570998784,407322624,-28.665,false,89190400,89915392,0.813,false,6176,6230,0,0,76521332,77156550,0,0,false,41399217,41580577,79659883,80158852,3650,3647,2,2,1000000,1000000
normal,1000000,right_edge_reads_cold_manager,5,1000000,892972208,499831292,-44.026,material gain,870061708,965820417,468597917,1014671416,892.972,499.831,1119855.681,2000675.060,212041728,196378624,-7.387,false,46604288,46845952,0.519,false,36,38,0,0,432590,425301,0,0,true,41399217,41580577,41399217,41580577,3650,3647,2,2,1000000,1000000
normal,1000000,right_edge_reads_warm_manager,5,1000000,847110083,441362292,-47.898,material gain,793648416,933380416,424299958,466728000,847.110,441.362,1180484.119,2265712.359,212172800,196558848,-7.359,false,46604288,46845952,0.519,false,0,0,0,0,0,0,0,0,false,41399217,41580577,41399217,41580577,3650,3647,2,2,1000000,1000000
normal,1000000,shuffled_batch_build,5,1000000,837913834,842469458,0.544,noise-sensitive,754690750,1199052042,765396667,1404960084,837.914,842.469,1193440.136,1186986.650,356597760,395821056,10.999,true,46571520,46813184,0.519,false,0,0,0,0,0,0,0,0,false,41399217,41580577,41399217,41580577,3650,3647,2,2,1000000,1000000
normal,1000000,sorted_stream_build,5,1000000,788645333,711352958,-9.801,material gain,715942666,953758042,685109291,1235457750,788.645,711.353,1267997.106,1405771.901,215875584,201097216,-6.846,false,46571520,46813184,0.519,false,0,0,0,0,0,0,0,0,false,41399217,41580577,41399217,41580577,3650,3647,2,2,1000000,1000000
normal,10000000,append_batch_upserts,5,10000,117003416,111154167,-4.999,noise-sensitive,110966708,253052125,107288458,281255209,11700.342,11115.417,85467.590,89965.138,2034532352,1879457792,-7.622,false,467091456,469086208,0.427,false,3,3,40,39,19027,22012,433066,437765,true,414415620,416242123,414434647,416264135,36650,36667,2,2,10010000,10010000
normal,10000000,append_disjoint_sparse_merge,5,10000,19794667,21168083,6.938,material regression,16890750,34004875,20407333,45556375,1979.467,2116.808,505186.574,472409.334,2035515392,1881112576,-7.585,false,467148800,469172224,0.433,false,27,26,21,20,271858,284257,233795,240223,true,414415771,416242123,414491830,416334824,36652,36667,2,2,10010000,10010000
normal,10000000,append_sparse_diff,5,10000,12566250,12634375,0.542,noise-sensitive,11925583,27904625,11718167,28099042,1256.625,1263.438,795782.354,791491.467,2035384320,1879801856,-7.644,false,467124224,469118976,0.427,false,43,42,0,0,452093,459777,0,0,false,414415620,416242123,414434647,416264135,36650,36667,2,2,10010000,10010000
normal,10000000,clustered_batch_deletes,5,10000,102106584,340642708,233.615,material regression,94449000,226927084,331722875,821055625,10210.658,34064.271,97936.877,29356.272,2034958336,1884274688,-7.405,false,466632704,468652032,0.433,false,37,177,4,4,432979,1925057,19251,52518,true,413587853,415410109,414020832,415878888,36580,36591,2,2,9990000,9990000
normal,10000000,clustered_batch_updates,5,10000,177065833,199931542,12.914,material regression,167915709,1839480083,190333292,481052041,17706.583,19993.154,56476.170,50017.120,2036629504,1879097344,-7.735,false,467099648,469106688,0.430,false,39,45,37,43,446511,478955,432979,462887,true,414001581,415826370,414434560,416289257,36613,36631,2,2,10000000,10000000
normal,10000000,clustered_conflict_resolved_merge,5,5000,19505208,24344334,24.809,material regression,17944125,144596125,11226208,82914000,3901.042,4868.867,256341.793,205386.600,2035531776,1880571904,-7.613,false,467140608,469139456,0.428,false,69,69,0,0,674877,752367,0,0,true,414001581,415826370,414451499,416327948,36613,36631,2,2,10000000,10000000
normal,10000000,clustered_delete_diff,5,10000,303811875,4907000,-98.385,material gain,280127875,658780583,4060375,5430292,30381.188,490.700,32915.106,2037905.034,2035548160,1885192192,-7.387,false,466665472,468684800,0.433,false,214,48,0,0,2302588,521297,0,0,false,413587853,415410109,414020832,415878888,36580,36591,2,2,9990000,9990000
normal,10000000,clustered_disjoint_sparse_merge,5,10000,10079458,7043834,-30.117,material gain,9495834,20703209,6692542,73197333,1007.946,704.383,992116.838,1419681.384,2034253824,1878228992,-7.670,false,467181568,469172224,0.426,false,9,9,3,3,71685,78951,23895,26317,true,414001581,415826370,414482350,416341891,36613,36631,2,2,10000000,10000000
normal,10000000,clustered_reads_cold_manager,5,1000000,912561041,541476375,-40.664,material gain,900529792,1045910542,516959583,693981000,912.561,541.476,1095817.107,1846802.642,2028716032,1873117184,-7.670,false,466640896,468623360,0.425,false,37,43,0,0,432979,462887,0,0,true,414001581,415826370,414001581,415826370,36613,36631,2,2,10000000,10000000
normal,10000000,clustered_reads_warm_manager,5,1000000,819511291,423422750,-48.332,material gain,812657959,1268102750,420763875,452483625,819.511,423.423,1220239.441,2361705.884,2028437504,1873117184,-7.657,false,466640896,468623360,0.425,false,0,0,0,0,0,0,0,0,false,414001581,415826370,414001581,415826370,36613,36631,2,2,10000000,10000000
normal,10000000,clustered_sparse_diff,5,10000,16448875,14089208,-14.345,noise-sensitive,14958458,25203625,12765583,26611709,1644.888,1408.921,607944.312,709763.104,2036858880,1880735744,-7.665,false,467132416,469139456,0.430,false,74,86,0,0,865958,925774,0,0,true,414001581,415826370,414434560,416289257,36613,36631,2,2,10000000,10000000
normal,10000000,identical_diff,5,1,1500,168375,11125.000,noise-sensitive,1333,2209,1417,292666,1500.000,168375.000,666666.667,5939.124,2029289472,1874690048,-7.618,false,466640896,468623360,0.425,false,0,0,0,0,0,0,0,0,false,414001581,415826370,414001581,415826370,36613,36631,2,2,10000000,10000000
normal,10000000,random_batch_deletes,5,10000,6902762875,7740085416,12.130,noise-sensitive,6455139083,12454835375,7565058958,15184592792,690276.287,774008.542,1448.695,1291.975,2910601216,3164454912,8.722,true,600510464,629493760,4.826,true,8559,21391,8559,10741,123383495,256941114,122973473,146532854,true,413591559,415411354,536975054,562359224,36613,36592,2,2,9990000,9990000
normal,10000000,random_batch_updates,5,10000,6872779667,5608586667,-18.394,noise-sensitive,6482952000,16141365084,5367852291,12776038166,687277.967,560858.667,1455.015,1782.980,2909962240,2702655488,-7.124,false,600891392,603860992,0.494,false,8560,8578,8559,8577,123384274,124100545,123383495,124096676,false,414001581,415826370,537385076,539923046,36613,36631,2,2,10000000,10000000
normal,10000000,random_conflict_resolved_merge,5,5000,1655232166,962903917,-41.827,material gain,1572546000,7207694958,943500542,1866672083,331046.433,192580.783,3020.724,5192.626,2757296128,2557984768,-7.229,false,615452672,617869312,0.393,false,14106,14157,0,0,205341162,205937286,0,0,false,414001581,415826370,550895689,553117894,36613,36631,2,2,10000000,10000000
normal,10000000,random_delete_diff,5,10000,2461961792,1676894709,-31.888,material gain,2349579833,4716137167,1520278959,2167623667,246196.179,167689.471,4061.801,5963.404,2876735488,3123789824,8.588,true,600543232,629526528,4.826,true,25278,21545,0,0,330783557,293687663,0,0,false,413591559,415411354,536975054,562359224,36613,36592,2,2,9990000,9990000
normal,10000000,random_disjoint_sparse_merge,5,10000,2320583,604000,-73.972,noise-sensitive,1271583,6066750,580542,2649458,232.058,60.400,4309261.940,16556291.391,2171748352,2020261888,-6.975,false,600858624,603758592,0.483,false,6,3,2,1,40467,17832,13489,5944,false,414001581,415826370,537412054,539934934,36613,36631,2,2,10000000,10000000
normal,10000000,random_reads_cold_manager,5,1000000,5209460625,5605247834,7.597,noise-sensitive,5013637125,9658600208,4736201875,10060102375,5209.461,5605.248,191958.453,178404.244,1883422720,1727250432,-8.292,false,466640896,468623360,0.425,false,8559,8577,0,0,123383495,124096676,0,0,false,414001581,415826370,414001581,415826370,36613,36631,2,2,10000000,10000000
normal,10000000,random_reads_warm_manager,5,1000000,1504666000,1475173667,-1.960,noise-sensitive,1325232666,2559263583,1369676584,1626525750,1504.666,1475.174,664599.320,677886.287,1883078656,1727414272,-8.266,false,466640896,468623360,0.425,false,0,0,0,0,0,0,0,0,false,414001581,415826370,414001581,415826370,36613,36631,2,2,10000000,10000000
normal,10000000,random_sparse_diff,5,10000,1709937166,1156932167,-32.341,material gain,1607634416,1965081042,1084516708,1266011291,170993.717,115693.217,5848.168,8643.549,3055828992,2703589376,-11.527,false,600928256,603893760,0.493,false,17118,17154,0,0,246766990,248193352,0,0,false,414001581,415826370,537385076,539923046,36613,36631,2,2,10000000,10000000
normal,10000000,right_edge_reads_cold_manager,5,1000000,927051875,522722250,-43.615,material gain,923876583,1723768166,517628459,703396875,927.052,522.722,1078688.288,1913061.860,2029584384,1874198528,-7.656,false,466640896,468623360,0.425,false,32,42,0,0,441597,438020,0,0,true,414001581,415826370,414001581,415826370,36613,36631,2,2,10000000,10000000
normal,10000000,right_edge_reads_warm_manager,5,1000000,875366292,426868583,-51.235,material gain,845572333,979357375,425940250,461132167,875.366,426.869,1142378.921,2342641.365,2028961792,1873215488,-7.676,false,466640896,468623360,0.425,false,0,0,0,0,0,0,0,0,false,414001581,415826370,414001581,415826370,36613,36631,2,2,10000000,10000000
normal,10000000,shuffled_batch_build,5,10000000,11165233541,10612822958,-4.948,material gain,9791901334,13753390417,10019634750,32653477542,1116.523,1061.282,895637.334,942256.367,3270918144,3366469632,2.921,false,466608128,468590592,0.425,false,0,0,0,0,0,0,0,0,false,414001581,415826370,414001581,415826370,36613,36631,2,2,10000000,10000000
normal,10000000,sorted_stream_build,5,10000000,8915905417,9136108667,2.470,noise-sensitive,8705314334,12278555500,8796764666,12999010584,891.591,913.611,1121591.082,1094557.909,2030256128,1881718784,-7.316,false,466608128,468590592,0.425,false,0,0,0,0,0,0,0,0,false,414001581,415826370,414001581,415826370,36613,36631,2,2,10000000,10000000
