schema,revision,dirty,timestamp_ms,records,repetition,operation,pattern,cache_state,sample_count,logical_operations,observed_items,total_ns,ns_per_op,ops_per_sec,p50_ns,p95_ns,p99_ns,max_ns,node_cache_hits,node_cache_misses,node_cache_evictions,nodes_read,bytes_read,nodes_written,bytes_written,store_get_calls,store_batch_get_calls,store_batch_get_keys,store_put_calls,store_batch_put_calls,store_batch_put_nodes,tree_nodes,tree_leaves,tree_internal_nodes,tree_height,tree_records,tree_bytes,pg_statement_calls,pg_execution_ms,pg_shared_blks_hit,pg_shared_blks_read,pg_shared_blks_dirtied,pg_shared_blks_written,pg_temp_blks_read,pg_temp_blks_written,pg_wal_bytes,pg_commits,pg_rollbacks,database_bytes_before,database_bytes_after,prolly_table_bytes_before,prolly_table_bytes_after,prolly_index_bytes_before,prolly_index_bytes_after,validated,error
postgres-scale-v1,b3d69526b4ddf6993b611b46926ef748c0c14687,true,1785008068399,1000,1,build,base,cold-manager,1,1000,1000,2892084,2892.084,345771.4229600523,,,,,0,0,0,0,0,9,31709,0,0,0,0,1,9,9,8,1,1,1000,31709,1,0.41825,46,1,5,6,0,0,10036,0,0,13286423,13335575,49152,98304,24576,32768,true,
postgres-scale-v1,b3d69526b4ddf6993b611b46926ef748c0c14687,true,1785008068437,1000,1,put,append,cold-manager,1,1,1,3799417,3799417.0,263.19827489322705,,,,,0,2,0,2,1213,2,1247,0,2,2,0,1,2,9,8,1,1,1001,31743,3,0.118667,19,0,0,0,0,0,1725,0,0,13417495,13417495,114688,114688,40960,40960,true,
postgres-scale-v1,b3d69526b4ddf6993b611b46926ef748c0c14687,true,1785008068477,1000,1,put,random,cold-manager,1,1,1,3539791,3539791.0,282.5025545293493,,,,,0,3,0,3,5881,2,5010,0,3,3,0,1,2,9,8,1,1,1000,31709,4,0.13608399999999998,15,0,0,0,0,0,1577,0,0,13417495,13417495,114688,114688,40960,40960,true,
postgres-scale-v1,b3d69526b4ddf6993b611b46926ef748c0c14687,true,1785008068513,1000,1,put,clustered,cold-manager,1,1,1,3484625,3484625.0,286.97492556587866,,,,,0,3,0,3,5881,2,5010,0,3,3,0,1,2,9,8,1,1,1000,31709,4,0.121166,15,0,0,0,0,0,1574,0,0,13417495,13417495,114688,114688,40960,40960,true,
postgres-scale-v1,b3d69526b4ddf6993b611b46926ef748c0c14687,true,1785008068551,1000,1,batch,append,cold-manager,1,100,100,2942875,29428.75,33980.37633266788,,,,,0,2,0,2,1213,5,4537,0,2,2,0,1,5,12,11,1,1,1100,35033,3,0.075791,25,0,0,0,0,0,5732,0,0,13417495,13417495,114688,114688,40960,40960,true,
postgres-scale-v1,b3d69526b4ddf6993b611b46926ef748c0c14687,true,1785008068593,1000,1,batch,random,cold-manager,1,100,100,6492208,64922.08,15403.080123126061,,,,,0,9,0,9,31709,9,31709,0,4,9,0,1,9,9,8,1,1,1000,31709,5,0.39379200000000003,47,0,1,1,0,0,10194,0,0,13417495,13425687,114688,122880,40960,40960,true,
postgres-scale-v1,b3d69526b4ddf6993b611b46926ef748c0c14687,true,1785008068628,1000,1,batch,clustered,cold-manager,1,100,100,3666333,36663.33,27275.2093167751,,,,,0,3,0,3,5881,2,5010,0,3,3,0,1,2,9,8,1,1,1000,31709,4,0.144667,15,0,0,0,0,0,1677,0,0,13417495,13417495,114688,114688,40960,40960,true,
postgres-scale-v1,b3d69526b4ddf6993b611b46926ef748c0c14687,true,1785008068796,1000,1,get_cold,append,cold-manager,100,100,100,133035792,1330357.92,751.6774132483084,1303250,1637209,2120000,2214083,0,200,198,200,959486,0,0,200,0,0,0,0,0,9,8,1,1,1000,31709,200,2.5525040000000003,400,0,0,0,0,0,0,1,0,13417495,13417495,114688,114688,40960,40960,true,
postgres-scale-v1,b3d69526b4ddf6993b611b46926ef748c0c14687,true,1785008068956,1000,1,get_cold,random,cold-manager,100,100,100,125837959,1258379.59,794.6727743732716,1244292,1427291,1474208,2145500,0,200,198,200,846432,0,0,200,0,0,0,0,0,9,8,1,1,1000,31709,200,1.856004999999999,400,0,0,0,0,0,0,0,0,13417495,13417495,114688,114688,40960,40960,true,
postgres-scale-v1,b3d69526b4ddf6993b611b46926ef748c0c14687,true,1785008069109,1000,1,get_cold,clustered,cold-manager,100,100,100,118859291,1188592.91,841.3309482049661,1165250,1375750,1469791,1971625,0,200,198,200,501000,0,0,200,0,0,0,0,0,9,8,1,1,1000,31709,200,0.7539939999999998,400,0,0,0,0,0,0,0,0,13417495,13417495,114688,114688,40960,40960,true,
postgres-scale-v1,b3d69526b4ddf6993b611b46926ef748c0c14687,true,1785008069142,1000,1,get_warm,append,warm-manager,100,100,100,116666,1166.66,857147.7551300293,542,708,1166,7125,102,0,0,0,0,0,0,0,0,0,0,0,0,9,8,1,1,1000,31709,0,0.0,0,0,0,0,0,0,0,0,0,13417495,13417495,114688,114688,40960,40960,true,
postgres-scale-v1,b3d69526b4ddf6993b611b46926ef748c0c14687,true,1785008069179,1000,1,get_warm,random,warm-manager,100,100,100,184125,1841.25,543109.3007467752,959,1708,4083,4500,177,0,0,0,0,0,0,0,0,0,0,0,0,9,8,1,1,1000,31709,0,0.0,0,0,0,0,0,0,0,0,0,13417495,13417495,114688,114688,40960,40960,true,
postgres-scale-v1,b3d69526b4ddf6993b611b46926ef748c0c14687,true,1785008069213,1000,1,get_warm,clustered,warm-manager,100,100,100,136708,1367.08,731486.0871346227,667,833,1000,3333,100,0,0,0,0,0,0,0,0,0,0,0,0,9,8,1,1,1000,31709,0,0.0,0,0,0,0,0,0,0,0,0,13417495,13417495,114688,114688,40960,40960,true,
postgres-scale-v1,b3d69526b4ddf6993b611b46926ef748c0c14687,true,1785008069244,1000,1,query,append,cold-manager,1,100,100,1423292,14232.92,70259.65156833595,,,,,0,3,0,3,13566,0,0,0,2,3,0,0,0,9,8,1,1,1000,31709,2,0.062,4,0,0,0,0,0,0,0,0,13417495,13417495,114688,114688,40960,40960,true,
postgres-scale-v1,b3d69526b4ddf6993b611b46926ef748c0c14687,true,1785008069278,1000,1,query,random,cold-manager,1,100,100,1609458,16094.58,62132.71797089455,,,,,0,8,0,8,31242,0,0,0,2,8,0,0,0,9,8,1,1,1000,31709,2,0.085291,4,0,0,0,0,0,0,0,0,13417495,13417495,114688,114688,40960,40960,true,
postgres-scale-v1,b3d69526b4ddf6993b611b46926ef748c0c14687,true,1785008069313,1000,1,query,clustered,cold-manager,1,100,100,1364458,13644.58,73289.1741629277,,,,,0,2,0,2,5010,0,0,0,2,2,0,0,0,9,8,1,1,1000,31709,2,0.037293,4,0,0,0,0,0,0,0,0,13417495,13417495,114688,114688,40960,40960,true,
postgres-scale-v1,b3d69526b4ddf6993b611b46926ef748c0c14687,true,1785008069348,1000,1,scan,append,cold-manager,1,100,100,1768625,17686.25,56541.098310834685,,,,,0,3,0,3,13566,0,0,3,0,0,0,0,0,9,8,1,1,1000,31709,3,0.029585,6,0,0,0,0,0,0,0,0,13417495,13417495,114688,114688,40960,40960,true,
postgres-scale-v1,b3d69526b4ddf6993b611b46926ef748c0c14687,true,1785008069399,1000,1,scan,clustered,cold-manager,1,100,100,1379459,13794.59,72492.18715452943,,,,,0,2,0,2,5010,0,0,2,0,0,0,0,0,9,8,1,1,1000,31709,2,0.010874,4,0,0,0,0,0,0,0,0,13417495,13417495,114688,114688,40960,40960,true,
postgres-scale-v1,b3d69526b4ddf6993b611b46926ef748c0c14687,true,1785008069444,1000,1,full_scan,append,cold-manager,1,1000,1000,2349416,2349.416,425637.6903877389,,,,,21,9,0,9,31709,0,0,2,1,7,0,0,0,9,8,1,1,1000,31709,3,0.07708400000000001,6,0,0,0,0,0,0,0,0,13417495,13417495,114688,114688,40960,40960,true,
postgres-scale-v1,b3d69526b4ddf6993b611b46926ef748c0c14687,true,1785008069489,1000,1,diff,append,cold-manager,1,100,100,3514667,35146.67,28452.197605064717,,,,,0,7,0,7,5750,0,0,3,2,4,0,0,0,12,11,1,1,1100,35033,5,0.073667,10,0,0,0,0,0,0,0,0,13417495,13417495,114688,114688,40960,40960,true,
postgres-scale-v1,b3d69526b4ddf6993b611b46926ef748c0c14687,true,1785008069532,1000,1,diff,random,cold-manager,1,100,100,1788291,17882.91,55919.31067147349,,,,,16,18,0,18,63418,0,0,0,2,18,0,0,0,9,8,1,1,1000,31709,2,0.147875,6,0,0,0,0,0,0,0,0,13425687,13425687,122880,122880,40960,40960,true,
postgres-scale-v1,b3d69526b4ddf6993b611b46926ef748c0c14687,true,1785008069574,1000,1,diff,clustered,cold-manager,1,100,100,1310167,13101.67,76326.14773536504,,,,,0,4,0,4,10020,0,0,0,2,4,0,0,0,9,8,1,1,1000,31709,2,0.074542,4,0,0,0,0,0,0,0,0,13417495,13417495,114688,114688,40960,40960,true,
postgres-scale-v1,b3d69526b4ddf6993b611b46926ef748c0c14687,true,1785008069618,1000,1,merge,append,cold-manager,1,100,100,5019834,50198.34,19920.977466585548,,,,,8,8,0,8,5565,2,2263,3,2,5,0,1,2,12,11,1,1,1100,35033,6,0.12345900000000001,20,0,1,1,0,0,2741,0,0,13417495,13425687,114688,122880,40960,40960,true,
postgres-scale-v1,b3d69526b4ddf6993b611b46926ef748c0c14687,true,1785008069675,1000,1,merge,random,cold-manager,1,100,100,6632083,66320.83,15078.21901505153,,,,,0,27,0,27,95127,9,31709,0,2,27,0,1,9,9,8,1,1,1000,31709,3,0.506543,46,0,1,1,0,0,10228,0,0,13433879,13442071,131072,139264,40960,40960,true,
postgres-scale-v1,b3d69526b4ddf6993b611b46926ef748c0c14687,true,1785008069719,1000,1,merge,clustered,cold-manager,1,100,100,2720583,27205.83,36756.82748881398,,,,,0,6,0,6,15030,2,5010,0,2,6,0,1,2,9,8,1,1,1000,31709,3,0.130083,12,0,0,0,0,0,1712,0,0,13417495,13417495,114688,114688,40960,40960,true,
