config_hash,records,value_bytes,clients,pool_size,operation,tenant_class,attempted,completed,successful_ops_per_sec,p50_ns,p95_ns,p99_ns,p999_ns,max_ns,conflict_rate,retry_rate,error_rate,pg_statements_per_cell_operation,pg_wal_bytes_per_cell_operation,prolly_nodes_read_per_operation,prolly_nodes_written_per_operation,prolly_batch_reads_per_operation
226f7ec3adda703157b06c3be370251fb2ec3c8b2ca80a7d5686b6593ced7b9a,100000,256,1,8,commit,hot,26,26,1.2983238125443821,79757311,94830591,98631679,98631679,98631679,0.0,0.0,0.0,16.68855534709193,377425.5459662289,25.153846153846153,23.307692307692307,25.153846153846153
226f7ec3adda703157b06c3be370251fb2ec3c8b2ca80a7d5686b6593ced7b9a,100000,256,1,8,commit,independent,107,107,5.34310184393265,85196799,103022591,110690303,114556927,114556927,0.0,0.0,0.0,16.68855534709193,377425.5459662289,24.97196261682243,23.186915887850468,24.97196261682243
226f7ec3adda703157b06c3be370251fb2ec3c8b2ca80a7d5686b6593ced7b9a,100000,256,1,8,diff,hot,5,5,0.24967765625853502,134610943,174456831,174456831,174456831,174456831,0.0,0.0,0.0,16.68855534709193,377425.5459662289,399.2,0.0,90.6
226f7ec3adda703157b06c3be370251fb2ec3c8b2ca80a7d5686b6593ced7b9a,100000,256,1,8,diff,independent,48,48,2.396905500081936,23248895,52264959,55541759,55541759,55541759,0.0,0.0,0.0,16.68855534709193,377425.5459662289,49.25,0.0,12.958333333333334
226f7ec3adda703157b06c3be370251fb2ec3c8b2ca80a7d5686b6593ced7b9a,100000,256,1,8,merge,hot,15,15,0.7490329687756051,154402815,175243263,175243263,175243263,175243263,0.0,0.0,0.0,16.68855534709193,377425.5459662289,42.2,44.2,42.2
226f7ec3adda703157b06c3be370251fb2ec3c8b2ca80a7d5686b6593ced7b9a,100000,256,1,8,merge,independent,12,12,0.599226375020484,146407423,165937151,165937151,165937151,165937151,0.0,0.0,0.0,16.68855534709193,377425.5459662289,41.75,43.666666666666664,41.75
226f7ec3adda703157b06c3be370251fb2ec3c8b2ca80a7d5686b6593ced7b9a,100000,256,1,8,multi_read,hot,15,15,0.7490329687756051,27574271,36274175,36274175,36274175,36274175,0.0,0.0,0.0,16.68855534709193,377425.5459662289,39.93333333333333,0.0,17.8
226f7ec3adda703157b06c3be370251fb2ec3c8b2ca80a7d5686b6593ced7b9a,100000,256,1,8,multi_read,independent,65,65,3.245809531360955,28327935,32964607,39354367,39354367,39354367,0.0,0.0,0.0,16.68855534709193,377425.5459662289,40.07692307692308,0.0,17.615384615384617
226f7ec3adda703157b06c3be370251fb2ec3c8b2ca80a7d5686b6593ced7b9a,100000,256,1,8,point_read,hot,47,47,2.3469699688302295,2826239,3661823,4980735,4980735,4980735,0.0,0.0,0.0,16.68855534709193,377425.5459662289,3.0,0.0,0.0
226f7ec3adda703157b06c3be370251fb2ec3c8b2ca80a7d5686b6593ced7b9a,100000,256,1,8,point_read,independent,193,193,9.637557531579452,2924543,3966975,4214783,4415487,4415487,0.0,0.0,0.0,16.68855534709193,377425.5459662289,3.0,0.0,0.0
226f7ec3adda703157b06c3be370251fb2ec3c8b2ca80a7d5686b6593ced7b9a,100000,256,1,32,commit,hot,25,25,1.2419433325265623,82247679,99287039,104660991,104660991,104660991,0.0,0.0,0.0,16.681818181818183,377226.5208333333,25.2,23.36,25.2
226f7ec3adda703157b06c3be370251fb2ec3c8b2ca80a7d5686b6593ced7b9a,100000,256,1,32,commit,independent,106,106,5.265839729912623,86638591,102301695,109379583,123076607,123076607,0.0,0.0,0.0,16.681818181818183,377226.5208333333,24.952830188679247,23.169811320754718,24.952830188679247
226f7ec3adda703157b06c3be370251fb2ec3c8b2ca80a7d5686b6593ced7b9a,100000,256,1,32,diff,hot,5,5,0.24838866650531244,143130623,172490751,172490751,172490751,172490751,0.0,0.0,0.0,16.681818181818183,377226.5208333333,399.2,0.0,90.6
226f7ec3adda703157b06c3be370251fb2ec3c8b2ca80a7d5686b6593ced7b9a,100000,256,1,32,diff,independent,48,48,2.3845311984509996,23789567,51675135,55672831,55672831,55672831,0.0,0.0,0.0,16.681818181818183,377226.5208333333,49.25,0.0,12.958333333333334
226f7ec3adda703157b06c3be370251fb2ec3c8b2ca80a7d5686b6593ced7b9a,100000,256,1,32,merge,hot,15,15,0.7451659995159373,150863871,179699711,179699711,179699711,179699711,0.0,0.0,0.0,16.681818181818183,377226.5208333333,42.2,44.2,42.2
226f7ec3adda703157b06c3be370251fb2ec3c8b2ca80a7d5686b6593ced7b9a,100000,256,1,32,merge,independent,12,12,0.5961327996127499,151650303,163184639,163184639,163184639,163184639,0.0,0.0,0.0,16.681818181818183,377226.5208333333,41.75,43.666666666666664,41.75
226f7ec3adda703157b06c3be370251fb2ec3c8b2ca80a7d5686b6593ced7b9a,100000,256,1,32,multi_read,hot,15,15,0.7451659995159373,28934143,31883263,31883263,31883263,31883263,0.0,0.0,0.0,16.681818181818183,377226.5208333333,39.93333333333333,0.0,17.8
226f7ec3adda703157b06c3be370251fb2ec3c8b2ca80a7d5686b6593ced7b9a,100000,256,1,32,multi_read,independent,64,64,3.1793749312679993,28360703,32587775,40206335,40206335,40206335,0.0,0.0,0.0,16.681818181818183,377226.5208333333,40.078125,0.0,17.625
226f7ec3adda703157b06c3be370251fb2ec3c8b2ca80a7d5686b6593ced7b9a,100000,256,1,32,point_read,hot,47,47,2.334853465149937,2990079,3991551,4272127,4272127,4272127,0.0,0.0,0.0,16.681818181818183,377226.5208333333,3.0,0.0,0.0
226f7ec3adda703157b06c3be370251fb2ec3c8b2ca80a7d5686b6593ced7b9a,100000,256,1,32,point_read,independent,191,191,9.488447060502935,2979839,3971071,4554751,4612095,4612095,0.0,0.0,0.0,16.681818181818183,377226.5208333333,3.0,0.0,0.0
226f7ec3adda703157b06c3be370251fb2ec3c8b2ca80a7d5686b6593ced7b9a,100000,256,8,8,commit,hot,94,94,4.660120542888927,236060671,394526719,925892607,925892607,925892607,0.38961038961038963,0.6382978723404256,0.0,18.029868578255677,451874.5890083632,29.840425531914892,38.56382978723404,29.840425531914892
226f7ec3adda703157b06c3be370251fb2ec3c8b2ca80a7d5686b6593ced7b9a,100000,256,8,8,commit,independent,336,336,16.6574521533051,176553983,272367615,663748607,793772031,793772031,0.045454545454545456,0.047619047619047616,0.0,18.029868578255677,451874.5890083632,25.592261904761905,24.598214285714285,25.592261904761905
226f7ec3adda703157b06c3be370251fb2ec3c8b2ca80a7d5686b6593ced7b9a,100000,256,8,8,diff,hot,5,5,0.2478787522813259,120061951,159645695,159645695,159645695,159645695,0.0,0.0,0.0,18.029868578255677,451874.5890083632,221.2,0.0,61.8
226f7ec3adda703157b06c3be370251fb2ec3c8b2ca80a7d5686b6593ced7b9a,100000,256,8,8,diff,independent,167,167,8.279150326196286,73859071,137756671,144703487,153354239,153354239,0.0,0.0,0.0,18.029868578255677,451874.5890083632,82.73053892215569,0.0,23.856287425149702
226f7ec3adda703157b06c3be370251fb2ec3c8b2ca80a7d5686b6593ced7b9a,100000,256,8,8,merge,hot,49,3,0.14872725136879553,296747007,344719359,835715071,835715071,835715071,0.9387755102040817,0.0,0.0,18.029868578255677,451874.5890083632,683.6666666666666,717.6666666666666,683.6666666666666
226f7ec3adda703157b06c3be370251fb2ec3c8b2ca80a7d5686b6593ced7b9a,100000,256,8,8,merge,independent,37,33,1.6359997650567508,297795583,364380159,376438783,376438783,376438783,0.10810810810810811,0.0,0.0,18.029868578255677,451874.5890083632,47.06060606060606,49.484848484848484,47.06060606060606
226f7ec3adda703157b06c3be370251fb2ec3c8b2ca80a7d5686b6593ced7b9a,100000,256,8,8,multi_read,hot,48,48,2.3796360219007284,87752703,118947839,125632511,125632511,125632511,0.0,0.0,0.0,18.029868578255677,451874.5890083632,40.166666666666664,0.0,17.6875
226f7ec3adda703157b06c3be370251fb2ec3c8b2ca80a7d5686b6593ced7b9a,100000,256,8,8,multi_read,independent,211,211,10.460483346271953,88735743,119472127,147587071,157810687,157810687,0.0,0.0,0.0,18.029868578255677,451874.5890083632,40.18483412322275,0.0,17.654028436018958
226f7ec3adda703157b06c3be370251fb2ec3c8b2ca80a7d5686b6593ced7b9a,100000,256,8,8,point_read,hot,149,149,7.386786817983512,11616255,20316159,29376511,35061759,35061759,0.0,0.0,0.0,18.029868578255677,451874.5890083632,3.0,0.0,0.0
226f7ec3adda703157b06c3be370251fb2ec3c8b2ca80a7d5686b6593ced7b9a,100000,256,8,8,point_read,independent,628,628,31.133571286534533,12009471,24395775,32440319,40435711,40435711,0.0,0.0,0.0,18.029868578255677,451874.5890083632,3.0,0.0,0.0
226f7ec3adda703157b06c3be370251fb2ec3c8b2ca80a7d5686b6593ced7b9a,100000,256,8,32,commit,hot,104,104,5.159736064120338,223870975,367001599,401342463,792199167,792199167,0.4090909090909091,0.6923076923076923,0.0,18.266990291262136,456865.7324703344,30.221153846153847,39.875,30.221153846153847
226f7ec3adda703157b06c3be370251fb2ec3c8b2ca80a7d5686b6593ced7b9a,100000,256,8,32,commit,independent,372,372,18.455978998584285,159252479,246153215,419954687,516947967,516947967,0.05102040816326531,0.053763440860215055,0.0,18.266990291262136,456865.7324703344,25.631720430107528,24.74462365591398,25.631720430107528
226f7ec3adda703157b06c3be370251fb2ec3c8b2ca80a7d5686b6593ced7b9a,100000,256,8,32,diff,hot,5,5,0.24806423385193932,113311743,172752895,172752895,172752895,172752895,0.0,0.0,0.0,18.266990291262136,456865.7324703344,221.2,0.0,61.8
226f7ec3adda703157b06c3be370251fb2ec3c8b2ca80a7d5686b6593ced7b9a,100000,256,8,32,diff,independent,186,186,9.227989499292143,72482815,142213119,171442175,173277183,173277183,0.0,0.0,0.0,18.266990291262136,456865.7324703344,88.09677419354838,0.0,25.71505376344086
226f7ec3adda703157b06c3be370251fb2ec3c8b2ca80a7d5686b6593ced7b9a,100000,256,8,32,merge,hot,55,4,0.19845138708155144,276824063,347078655,581959679,581959679,581959679,0.9272727272727272,0.0,0.0,18.266990291262136,456865.7324703344,575.25,604.25,575.25
226f7ec3adda703157b06c3be370251fb2ec3c8b2ca80a7d5686b6593ced7b9a,100000,256,8,32,merge,independent,41,37,1.835675330504351,270270463,339476479,359661567,359661567,359661567,0.0975609756097561,0.0,0.0,18.266990291262136,456865.7324703344,46.567567567567565,48.972972972972975,46.567567567567565
226f7ec3adda703157b06c3be370251fb2ec3c8b2ca80a7d5686b6593ced7b9a,100000,256,8,32,multi_read,hot,54,54,2.6790937256009446,78118911,107020287,125698047,125698047,125698047,0.0,0.0,0.0,18.266990291262136,456865.7324703344,40.18518518518518,0.0,17.685185185185187
226f7ec3adda703157b06c3be370251fb2ec3c8b2ca80a7d5686b6593ced7b9a,100000,256,8,32,multi_read,independent,233,233,11.559793297500372,77463551,108003327,124977151,150470655,150470655,0.0,0.0,0.0,18.266990291262136,456865.7324703344,40.24892703862661,0.0,17.660944206008583
226f7ec3adda703157b06c3be370251fb2ec3c8b2ca80a7d5686b6593ced7b9a,100000,256,8,32,point_read,hot,165,165,8.186119717113998,9682943,16138239,18694143,21479423,21479423,0.0,0.0,0.0,18.266990291262136,456865.7324703344,3.0,0.0,0.0
226f7ec3adda703157b06c3be370251fb2ec3c8b2ca80a7d5686b6593ced7b9a,100000,256,8,32,point_read,independent,694,694,34.431315658649176,9699327,17170431,22036479,30965759,30965759,0.0,0.0,0.0,18.266990291262136,456865.7324703344,3.0,0.0,0.0
226f7ec3adda703157b06c3be370251fb2ec3c8b2ca80a7d5686b6593ced7b9a,100000,256,32,8,commit,hot,87,61,2.9685934251516803,1418723327,1734344703,1991245823,1991245823,1991245823,0.7903780068728522,2.3448275862068964,0.0,19.497710922171354,614003.4754741661,61.18032786885246,112.11475409836065,61.18032786885246
226f7ec3adda703157b06c3be370251fb2ec3c8b2ca80a7d5686b6593ced7b9a,100000,256,32,8,commit,independent,314,314,15.28095631963324,729808895,1063780351,1223688191,1432354815,1432354815,0.1693121693121693,0.20382165605095542,0.0,19.497710922171354,614003.4754741661,26.722929936305732,28.229299363057326,26.722929936305732
226f7ec3adda703157b06c3be370251fb2ec3c8b2ca80a7d5686b6593ced7b9a,100000,256,32,8,diff,hot,5,5,0.2433273299304656,192282623,335806463,335806463,335806463,335806463,0.0,0.0,0.0,19.497710922171354,614003.4754741661,90.0,0.0,25.2
226f7ec3adda703157b06c3be370251fb2ec3c8b2ca80a7d5686b6593ced7b9a,100000,256,32,8,diff,independent,155,155,7.543147227844433,243924991,360972287,393740287,395575295,395575295,0.0,0.0,0.0,19.497710922171354,614003.4754741661,78.43870967741935,0.0,22.780645161290323
226f7ec3adda703157b06c3be370251fb2ec3c8b2ca80a7d5686b6593ced7b9a,100000,256,32,8,merge,hot,45,0,0.0,1158676479,1247805439,1274019839,1274019839,1274019839,1.0,0.0,0.0,19.497710922171354,614003.4754741661,inf,inf,inf
226f7ec3adda703157b06c3be370251fb2ec3c8b2ca80a7d5686b6593ced7b9a,100000,256,32,8,merge,independent,35,30,1.4599639795827937,1182793727,1367343103,1371537407,1371537407,1371537407,0.14285714285714285,0.0,0.0,19.497710922171354,614003.4754741661,48.96666666666667,51.5,48.96666666666667
226f7ec3adda703157b06c3be370251fb2ec3c8b2ca80a7d5686b6593ced7b9a,100000,256,32,8,multi_read,hot,45,45,2.1899459693741905,434634751,530841599,546308095,546308095,546308095,0.0,0.0,0.0,19.497710922171354,614003.4754741661,40.111111111111114,0.0,17.68888888888889
226f7ec3adda703157b06c3be370251fb2ec3c8b2ca80a7d5686b6593ced7b9a,100000,256,32,8,multi_read,independent,196,196,9.538431333274252,428343295,504365055,541589503,557842431,557842431,0.0,0.0,0.0,19.497710922171354,614003.4754741661,40.18877551020408,0.0,17.653061224489797
226f7ec3adda703157b06c3be370251fb2ec3c8b2ca80a7d5686b6593ced7b9a,100000,256,32,8,point_read,hot,140,140,6.8131652380530365,86245375,110231551,122159103,139591679,139591679,0.0,0.0,0.0,19.497710922171354,614003.4754741661,3.0,0.0,0.0
226f7ec3adda703157b06c3be370251fb2ec3c8b2ca80a7d5686b6593ced7b9a,100000,256,32,8,point_read,independent,583,583,28.371966669892288,85524479,110362623,134873087,158728191,158728191,0.0,0.0,0.0,19.497710922171354,614003.4754741661,3.0,0.0,0.0
226f7ec3adda703157b06c3be370251fb2ec3c8b2ca80a7d5686b6593ced7b9a,100000,256,32,32,commit,hot,123,78,3.8096090489448375,1060110335,1342177279,1416626175,1456472063,1456472063,0.8206896551724138,2.5365853658536586,0.0,20.281663516068054,626852.6086956522,69.7948717948718,131.6153846153846,69.7948717948718
226f7ec3adda703157b06c3be370251fb2ec3c8b2ca80a7d5686b6593ced7b9a,100000,256,32,32,commit,independent,435,435,21.24589661911544,496500735,778567679,926416895,1234173951,1234173951,0.16184971098265896,0.19310344827586207,0.0,20.281663516068054,626852.6086956522,26.689655172413794,28.055172413793102,26.689655172413794
226f7ec3adda703157b06c3be370251fb2ec3c8b2ca80a7d5686b6593ced7b9a,100000,256,32,32,diff,hot,5,5,0.2442057082656947,157417471,284164095,284164095,284164095,284164095,0.0,0.0,0.0,20.281663516068054,626852.6086956522,72.0,0.0,22.2
226f7ec3adda703157b06c3be370251fb2ec3c8b2ca80a7d5686b6593ced7b9a,100000,256,32,32,diff,independent,218,218,10.64736888038429,235798527,385089535,436731903,455606271,455606271,0.0,0.0,0.0,20.281663516068054,626852.6086956522,94.39449541284404,0.0,28.155963302752294
226f7ec3adda703157b06c3be370251fb2ec3c8b2ca80a7d5686b6593ced7b9a,100000,256,32,32,merge,hot,63,0,0.0,796917759,936378367,967835647,967835647,967835647,1.0,0.0,0.0,20.281663516068054,626852.6086956522,inf,inf,inf
226f7ec3adda703157b06c3be370251fb2ec3c8b2ca80a7d5686b6593ced7b9a,100000,256,32,32,merge,independent,49,38,1.8559633828192799,818413567,975175679,1158676479,1158676479,1158676479,0.22448979591836735,0.0,0.0,20.281663516068054,626852.6086956522,54.13157894736842,56.921052631578945,54.13157894736842
226f7ec3adda703157b06c3be370251fb2ec3c8b2ca80a7d5686b6593ced7b9a,100000,256,32,32,multi_read,hot,63,63,3.0769919241477535,290455551,367263743,379060223,379060223,379060223,0.0,0.0,0.0,20.281663516068054,626852.6086956522,40.25396825396825,0.0,17.6984126984127
226f7ec3adda703157b06c3be370251fb2ec3c8b2ca80a7d5686b6593ced7b9a,100000,256,32,32,multi_read,independent,273,273,13.33363167130693,296747007,360710143,382730239,393740287,393740287,0.0,0.0,0.0,20.281663516068054,626852.6086956522,40.27838827838828,0.0,17.65934065934066
226f7ec3adda703157b06c3be370251fb2ec3c8b2ca80a7d5686b6593ced7b9a,100000,256,32,32,point_read,hot,194,194,9.475181480708954,44138495,66027519,73138175,82378751,82378751,0.0,0.0,0.0,20.281663516068054,626852.6086956522,3.0,0.0,0.0
226f7ec3adda703157b06c3be370251fb2ec3c8b2ca80a7d5686b6593ced7b9a,100000,256,32,32,point_read,independent,812,812,39.659007022348824,44564479,65863679,77529087,92733439,92733439,0.0,0.0,0.0,20.281663516068054,626852.6086956522,3.0,0.0,0.0
226f7ec3adda703157b06c3be370251fb2ec3c8b2ca80a7d5686b6593ced7b9a,100000,256,64,8,commit,hot,87,36,1.7019504300444308,2858418175,3458203647,3823108095,3823108095,3823108095,0.8849840255591054,2.5977011494252875,0.0,20.169468728984533,697090.6213853396,108.80555555555556,204.36111111111111,108.80555555555556
226f7ec3adda703157b06c3be370251fb2ec3c8b2ca80a7d5686b6593ced7b9a,100000,256,64,8,commit,independent,311,311,14.702960659550499,1491075071,2315255807,2948595711,3271557119,3271557119,0.27674418604651163,0.38263665594855306,0.0,20.169468728984533,697090.6213853396,28.093247588424436,32.52411575562701,28.093247588424436
226f7ec3adda703157b06c3be370251fb2ec3c8b2ca80a7d5686b6593ced7b9a,100000,256,64,8,diff,hot,5,5,0.2363820041728376,319815679,553648127,553648127,553648127,553648127,0.0,0.0,0.0,20.169468728984533,697090.6213853396,42.8,0.0,13.8
226f7ec3adda703157b06c3be370251fb2ec3c8b2ca80a7d5686b6593ced7b9a,100000,256,64,8,diff,independent,154,154,7.280565728523398,464519167,667418623,825753599,888143871,888143871,0.0,0.0,0.0,20.169468728984533,697090.6213853396,70.35064935064935,0.0,20.337662337662337
226f7ec3adda703157b06c3be370251fb2ec3c8b2ca80a7d5686b6593ced7b9a,100000,256,64,8,merge,hot,45,0,0.0,2287992831,2629828607,2701131775,2701131775,2701131775,1.0,0.0,0.0,20.169468728984533,697090.6213853396,inf,inf,inf
226f7ec3adda703157b06c3be370251fb2ec3c8b2ca80a7d5686b6593ced7b9a,100000,256,64,8,merge,independent,35,24,1.1346336200296205,2321547263,2856321023,2868903935,2868903935,2868903935,0.3142857142857143,0.0,0.0,20.169468728984533,697090.6213853396,61.208333333333336,64.375,61.208333333333336
226f7ec3adda703157b06c3be370251fb2ec3c8b2ca80a7d5686b6593ced7b9a,100000,256,64,8,multi_read,hot,45,45,2.1274380375555384,866648063,1011351551,1214251007,1214251007,1214251007,0.0,0.0,0.0,20.169468728984533,697090.6213853396,40.111111111111114,0.0,17.68888888888889
226f7ec3adda703157b06c3be370251fb2ec3c8b2ca80a7d5686b6593ced7b9a,100000,256,64,8,multi_read,independent,194,194,9.1716217619061,874512383,1018691583,1194328063,1201668095,1201668095,0.0,0.0,0.0,20.169468728984533,697090.6213853396,40.19072164948454,0.0,17.65463917525773
226f7ec3adda703157b06c3be370251fb2ec3c8b2ca80a7d5686b6593ced7b9a,100000,256,64,8,point_read,hot,138,138,6.524143315170318,181010431,217972735,235143167,427294719,427294719,0.0,0.0,0.0,20.169468728984533,697090.6213853396,3.0,0.0,0.0
226f7ec3adda703157b06c3be370251fb2ec3c8b2ca80a7d5686b6593ced7b9a,100000,256,64,8,point_read,independent,580,580,27.420312484049163,180486143,223215615,242483199,435683327,435683327,0.0,0.0,0.0,20.169468728984533,697090.6213853396,3.0,0.0,0.0
226f7ec3adda703157b06c3be370251fb2ec3c8b2ca80a7d5686b6593ced7b9a,100000,256,64,32,commit,hot,121,48,2.298810348283956,2110783487,2548039679,2646605823,2738880511,2738880511,0.8926174496644296,2.6942148760330578,0.0,20.933170731707317,697265.1741463415,115.5,219.5625,115.5
226f7ec3adda703157b06c3be370251fb2ec3c8b2ca80a7d5686b6593ced7b9a,100000,256,64,32,commit,independent,430,430,20.59350937004377,1051197439,1635778559,1936719871,2304770047,2304770047,0.2797319932998325,0.3883720930232558,0.0,20.933170731707317,697265.1741463415,28.132558139534883,32.7,28.132558139534883
226f7ec3adda703157b06c3be370251fb2ec3c8b2ca80a7d5686b6593ced7b9a,100000,256,64,32,diff,hot,5,5,0.23945941127957873,244580351,443809791,443809791,443809791,443809791,0.0,0.0,0.0,20.933170731707317,697265.1741463415,44.4,0.0,11.6
226f7ec3adda703157b06c3be370251fb2ec3c8b2ca80a7d5686b6593ced7b9a,100000,256,64,32,diff,independent,215,215,10.296754685021885,412614655,622329855,747110399,829423615,829423615,0.0,0.0,0.0,20.933170731707317,697265.1741463415,87.89767441860465,0.0,26.451162790697673
226f7ec3adda703157b06c3be370251fb2ec3c8b2ca80a7d5686b6593ced7b9a,100000,256,64,32,merge,hot,62,0,0.0,1605369855,1853882367,2021654527,2021654527,2021654527,1.0,0.0,0.0,20.933170731707317,697265.1741463415,inf,inf,inf
226f7ec3adda703157b06c3be370251fb2ec3c8b2ca80a7d5686b6593ced7b9a,100000,256,64,32,merge,independent,48,30,1.4367564676774722,1637875711,2014314495,2116026367,2116026367,2116026367,0.375,0.0,0.0,20.933170731707317,697265.1741463415,67.2,70.66666666666667,67.2
226f7ec3adda703157b06c3be370251fb2ec3c8b2ca80a7d5686b6593ced7b9a,100000,256,64,32,multi_read,hot,63,63,3.017188582122692,618659839,738197503,957349887,957349887,957349887,0.0,0.0,0.0,20.933170731707317,697265.1741463415,40.25396825396825,0.0,17.6984126984127
226f7ec3adda703157b06c3be370251fb2ec3c8b2ca80a7d5686b6593ced7b9a,100000,256,64,32,multi_read,independent,267,267,12.787132562329504,612892671,731381759,895483903,919076863,919076863,0.0,0.0,0.0,20.933170731707317,697265.1741463415,40.258426966292134,0.0,17.65917602996255
226f7ec3adda703157b06c3be370251fb2ec3c8b2ca80a7d5686b6593ced7b9a,100000,256,64,32,point_read,hot,191,191,9.147349510879907,113770495,148635647,183500799,184680447,184680447,0.0,0.0,0.0,20.933170731707317,697265.1741463415,3.0,0.0,0.0
226f7ec3adda703157b06c3be370251fb2ec3c8b2ca80a7d5686b6593ced7b9a,100000,256,64,32,point_read,independent,801,801,38.36139768698851,112918527,146800639,169345023,464519167,464519167,0.0,0.0,0.0,20.933170731707317,697265.1741463415,3.0,0.0,0.0
