schema,revision,dirty,records,repetition,operation,pattern,cache_state,configured_operations,observed_operations,total_ns,ns_per_operation,operations_per_sec,p50_ns,p95_ns,p99_ns,max_ns,nodes_read,nodes_written,bytes_read,bytes_written,cache_hits,cache_misses,cache_evictions,result_entries,num_nodes,num_leaves,num_internal,height,tree_bytes,db_bytes,wal_bytes,shm_bytes,total_database_bytes,expected_entries,observed_entries,error,validated
sqlite-prolly-patterns-v1,abb1b67a6dabf5a0140012329eff4771957e6e93,true,10000,1,put,append,not-applicable,100,100,20592166,205921.66,4856.215708439802,124791,302625,2406375,4113125,3,300,14387,791167,497,3,0,10100,88,85,3,2,1057781,2424832,4148872,32768,6606472,10100,10100,,true
sqlite-prolly-patterns-v1,abb1b67a6dabf5a0140012329eff4771957e6e93,true,10000,1,put,random,not-applicable,100,100,35649083,356490.83,2805.1212425295766,202834,1138250,3164708,5229417,54,300,807512,2057130,746,54,0,10000,87,84,3,2,1047293,3129344,4148872,32768,7310984,10000,10000,,true
sqlite-prolly-patterns-v1,abb1b67a6dabf5a0140012329eff4771957e6e93,true,10000,1,put,clustered,not-applicable,100,100,26142250,261422.5,3825.225449224914,192584,348083,1333333,4885833,4,300,35555,2323900,796,4,0,10000,87,84,3,2,1047293,3084288,4161232,32768,7278288,10000,10000,,true
sqlite-prolly-patterns-v1,abb1b67a6dabf5a0140012329eff4771957e6e93,true,10000,1,batch,append,not-applicable,100,100,1453833,14538.33,68783.69111170265,,,,,3,4,14387,24875,2,3,0,10100,88,85,3,2,1057781,1220608,49472,32768,1302848,10100,10100,,true
sqlite-prolly-patterns-v1,abb1b67a6dabf5a0140012329eff4771957e6e93,true,10000,1,batch,random,not-applicable,100,100,9552875,95528.75,10468.052811326432,,,,,54,54,807512,807512,5,54,0,10000,87,84,3,2,1047293,1220608,976472,32768,2229848,10000,10000,,true
sqlite-prolly-patterns-v1,abb1b67a6dabf5a0140012329eff4771957e6e93,true,10000,1,batch,clustered,not-applicable,100,100,1847959,18479.59,54113.75468828042,,,,,4,3,35555,23239,4,4,0,10000,87,84,3,2,1047293,1220608,49472,32768,1302848,10000,10000,,true
sqlite-prolly-patterns-v1,abb1b67a6dabf5a0140012329eff4771957e6e93,true,10000,1,point-read,append,cold-manager,100,100,850834,8508.34,117531.73944623747,209,292,875,826042,3,0,14387,0,99,3,0,10000,87,84,3,2,1047293,1220608,0,32768,1253376,10000,10000,,true
sqlite-prolly-patterns-v1,abb1b67a6dabf5a0140012329eff4771957e6e93,true,10000,1,point-read,append,warm-manager,100,100,24166,241.66,4138045.1874534474,208,250,250,333,0,0,0,0,100,0,0,10000,87,84,3,2,1047293,1220608,0,32768,1253376,10000,10000,,true
sqlite-prolly-patterns-v1,abb1b67a6dabf5a0140012329eff4771957e6e93,true,10000,1,point-read,random,cold-manager,100,100,7217167,72171.67,13855.852303265256,22750,217334,687375,1095208,54,0,807512,0,246,54,0,10000,87,84,3,2,1047293,1220608,0,32768,1253376,10000,10000,,true
sqlite-prolly-patterns-v1,abb1b67a6dabf5a0140012329eff4771957e6e93,true,10000,1,point-read,random,warm-manager,100,100,411125,4111.25,243235.02584372152,4208,4292,4333,4375,0,0,0,0,294,0,0,10000,87,84,3,2,1047293,1220608,0,32768,1253376,10000,10000,,true
sqlite-prolly-patterns-v1,abb1b67a6dabf5a0140012329eff4771957e6e93,true,10000,1,point-read,clustered,cold-manager,100,100,1093791,10937.91,91425.14429173397,209,333,708,1067875,3,0,23239,0,99,3,0,10000,87,84,3,2,1047293,1220608,0,32768,1253376,10000,10000,,true
sqlite-prolly-patterns-v1,abb1b67a6dabf5a0140012329eff4771957e6e93,true,10000,1,point-read,clustered,warm-manager,100,100,24916,249.16,4013485.3106437633,209,250,333,333,0,0,0,0,100,0,0,10000,87,84,3,2,1047293,1220608,0,32768,1253376,10000,10000,,true
sqlite-prolly-patterns-v1,abb1b67a6dabf5a0140012329eff4771957e6e93,true,10000,1,range-scan,append,not-applicable,100,100,582000,5820.0,171821.3058419244,,,,,3,0,14387,0,0,3,0,10000,87,84,3,2,1047293,1220608,0,32768,1253376,10000,10000,,true
sqlite-prolly-patterns-v1,abb1b67a6dabf5a0140012329eff4771957e6e93,true,10000,1,range-scan,random,not-applicable,100,100,2064959,20649.59,48427.1116278822,,,,,4,0,47529,0,0,4,0,10000,87,84,3,2,1047293,1220608,0,32768,1253376,10000,10000,,true
sqlite-prolly-patterns-v1,abb1b67a6dabf5a0140012329eff4771957e6e93,true,10000,1,range-scan,clustered,not-applicable,100,100,859292,8592.92,116374.876060757,,,,,3,0,23239,0,0,3,0,10000,87,84,3,2,1047293,1220608,0,32768,1253376,10000,10000,,true
sqlite-prolly-patterns-v1,abb1b67a6dabf5a0140012329eff4771957e6e93,true,50000,1,put,append,not-applicable,500,500,130225167,260450.334,3839.5036191429876,128042,533167,3992250,8829916,3,1500,4062,3501490,2497,3,0,50500,405,400,5,2,5286519,10956800,4169472,32768,15159040,50500,50500,,true
sqlite-prolly-patterns-v1,abb1b67a6dabf5a0140012329eff4771957e6e93,true,50000,1,put,random,not-applicable,500,500,233533791,467067.582,2141.0177853019995,265625,889000,6827917,11424500,234,1500,4281000,15199430,3766,234,0,50000,398,393,5,2,5233968,22454272,4190072,32768,26677112,50000,50000,,true
sqlite-prolly-patterns-v1,abb1b67a6dabf5a0140012329eff4771957e6e93,true,50000,1,put,clustered,not-applicable,500,500,237168666,474337.332,2108.2042937324613,268750,813375,7396583,13383416,8,1500,87121,17425098,3992,8,0,50000,398,393,5,2,5233968,23564288,4177712,32768,27774768,50000,50000,,true
sqlite-prolly-patterns-v1,abb1b67a6dabf5a0140012329eff4771957e6e93,true,50000,1,batch,append,not-applicable,500,500,13790542,27581.084,36256.73305661228,,,,,3,10,4062,56613,2,3,0,50500,405,400,5,2,5286519,5971968,156592,32768,6161328,50500,50500,,true
sqlite-prolly-patterns-v1,abb1b67a6dabf5a0140012329eff4771957e6e93,true,50000,1,batch,random,not-applicable,500,500,93536292,187072.584,5345.51872122534,,,,,234,233,4281000,4280032,4,234,0,50000,398,393,5,2,5233968,10637312,4972872,32768,15642952,50000,50000,,true
sqlite-prolly-patterns-v1,abb1b67a6dabf5a0140012329eff4771957e6e93,true,50000,1,batch,clustered,not-applicable,500,500,12986875,25973.75,38500.40906684633,,,,,8,6,87121,83254,3,8,0,50000,398,393,5,2,5233968,5971968,160712,32768,6165448,50000,50000,,true
sqlite-prolly-patterns-v1,abb1b67a6dabf5a0140012329eff4771957e6e93,true,50000,1,point-read,append,cold-manager,500,500,9516125,19032.25,52542.395145082686,209,4334,207042,5185542,8,0,79808,0,608,8,0,50000,398,393,5,2,5233968,5971968,0,32768,6004736,50000,50000,,true
sqlite-prolly-patterns-v1,abb1b67a6dabf5a0140012329eff4771957e6e93,true,50000,1,point-read,append,warm-manager,500,500,384708,769.416,1299687.0353618849,209,4334,4500,4958,0,0,0,0,628,0,0,50000,398,393,5,2,5233968,5971968,0,32768,6004736,50000,50000,,true
sqlite-prolly-patterns-v1,abb1b67a6dabf5a0140012329eff4771957e6e93,true,50000,1,point-read,random,cold-manager,500,500,63164166,126328.332,7915.880659296603,5167,613750,1099792,4404500,233,0,4280032,0,1261,233,0,50000,398,393,5,2,5233968,5971968,0,32768,6004736,50000,50000,,true
sqlite-prolly-patterns-v1,abb1b67a6dabf5a0140012329eff4771957e6e93,true,50000,1,point-read,random,warm-manager,500,500,2217500,4435.0,225479.14317925595,4416,4709,4875,5833,0,0,0,0,1492,0,0,50000,398,393,5,2,5233968,5971968,0,32768,6004736,50000,50000,,true
sqlite-prolly-patterns-v1,abb1b67a6dabf5a0140012329eff4771957e6e93,true,50000,1,point-read,clustered,cold-manager,500,500,7221333,14442.666,69239.29418571336,209,4333,4708,4360125,6,0,83254,0,592,6,0,50000,398,393,5,2,5233968,5971968,0,32768,6004736,50000,50000,,true
sqlite-prolly-patterns-v1,abb1b67a6dabf5a0140012329eff4771957e6e93,true,50000,1,point-read,clustered,warm-manager,500,500,418958,837.916,1193437.0509693096,209,4458,4583,19958,0,0,0,0,628,0,0,50000,398,393,5,2,5233968,5971968,0,32768,6004736,50000,50000,,true
sqlite-prolly-patterns-v1,abb1b67a6dabf5a0140012329eff4771957e6e93,true,50000,1,range-scan,append,not-applicable,500,500,8382459,16764.918,59648.36809819171,,,,,8,0,79808,0,0,8,0,50000,398,393,5,2,5233968,5971968,0,32768,6004736,50000,50000,,true
sqlite-prolly-patterns-v1,abb1b67a6dabf5a0140012329eff4771957e6e93,true,50000,1,range-scan,random,not-applicable,500,500,7513458,15026.916,66547.25427359813,,,,,8,0,80172,0,0,8,0,50000,398,393,5,2,5233968,5971968,0,32768,6004736,50000,50000,,true
sqlite-prolly-patterns-v1,abb1b67a6dabf5a0140012329eff4771957e6e93,true,50000,1,range-scan,clustered,not-applicable,500,500,7284375,14568.75,68640.06864006864,,,,,6,0,83254,0,0,6,0,50000,398,393,5,2,5233968,5971968,0,32768,6004736,50000,50000,,true
sqlite-prolly-patterns-v1,abb1b67a6dabf5a0140012329eff4771957e6e93,true,100000,1,put,append,not-applicable,1000,1000,397809000,397809.0,2513.7691706321375,194209,925208,6654041,27493208,3,3000,17065,14571501,4997,3,0,101000,794,783,11,2,10571929,27672576,4177712,32768,31883056,101000,101000,,true
sqlite-prolly-patterns-v1,abb1b67a6dabf5a0140012329eff4771957e6e93,true,100000,1,put,random,not-applicable,1000,1000,566107708,566107.708,1766.4483028024765,297083,1119417,9074334,31481459,467,3000,8619729,30917173,7533,467,0,100000,787,776,11,2,10467310,46129152,4231272,32768,50393192,100000,100000,,true
sqlite-prolly-patterns-v1,abb1b67a6dabf5a0140012329eff4771957e6e93,true,100000,1,put,clustered,not-applicable,1000,1000,417554625,417554.625,2394.8962366301175,207625,1032208,6683459,14865250,17,3000,173258,21278642,7983,17,0,100000,787,776,11,2,10467310,35110912,4181832,32768,39325512,100000,100000,,true
sqlite-prolly-patterns-v1,abb1b67a6dabf5a0140012329eff4771957e6e93,true,100000,1,batch,append,not-applicable,1000,1000,19913417,19913.417,50217.398651371586,,,,,3,10,17065,121684,2,3,0,101000,794,783,11,2,10571929,11911168,210152,32768,12154088,101000,101000,,true
sqlite-prolly-patterns-v1,abb1b67a6dabf5a0140012329eff4771957e6e93,true,100000,1,batch,random,not-applicable,1000,1000,185978334,185978.334,5376.970416349681,,,,,467,467,8619729,8619729,5,467,0,100000,787,776,11,2,10467310,21360640,10056952,32768,31450360,100000,100000,,true
sqlite-prolly-patterns-v1,abb1b67a6dabf5a0140012329eff4771957e6e93,true,100000,1,batch,clustered,not-applicable,1000,1000,32948917,32948.917,30350.011200671634,,,,,17,15,173258,156639,3,17,0,100000,787,776,11,2,10467310,11911168,288432,32768,12232368,100000,100000,,true
sqlite-prolly-patterns-v1,abb1b67a6dabf5a0140012329eff4771957e6e93,true,100000,1,point-read,append,cold-manager,1000,1000,118097291,118097.291,8467.59473932387,208,4208,9333,55528292,8,0,111760,0,1122,8,0,100000,787,776,11,2,10467310,11911168,0,32768,11943936,100000,100000,,true
sqlite-prolly-patterns-v1,abb1b67a6dabf5a0140012329eff4771957e6e93,true,100000,1,point-read,append,warm-manager,1000,1000,561459,561.459,1781073.9519715596,208,4167,4292,5083,0,0,0,0,1160,0,0,100000,787,776,11,2,10467310,11911168,0,32768,11943936,100000,100000,,true
sqlite-prolly-patterns-v1,abb1b67a6dabf5a0140012329eff4771957e6e93,true,100000,1,point-read,random,cold-manager,1000,1000,820117417,820117.417,1219.337596387128,5334,5252584,12526959,38809500,467,0,8619729,0,2527,467,0,100000,787,776,11,2,10467310,11911168,0,32768,11943936,100000,100000,,true
sqlite-prolly-patterns-v1,abb1b67a6dabf5a0140012329eff4771957e6e93,true,100000,1,point-read,random,warm-manager,1000,1000,4979500,4979.5,200823.37584094788,4584,8125,9292,14375,0,0,0,0,3000,0,0,100000,787,776,11,2,10467310,11911168,0,32768,11943936,100000,100000,,true
sqlite-prolly-patterns-v1,abb1b67a6dabf5a0140012329eff4771957e6e93,true,100000,1,point-read,clustered,cold-manager,1000,1000,212167917,212167.917,4713.247950678612,209,4500,8496375,49690041,15,0,156639,0,1339,15,0,100000,787,776,11,2,10467310,11911168,0,32768,11943936,100000,100000,,true
sqlite-prolly-patterns-v1,abb1b67a6dabf5a0140012329eff4771957e6e93,true,100000,1,point-read,clustered,warm-manager,1000,1000,1051750,1051.75,950796.2918944616,250,4416,4500,5417,0,0,0,0,1384,0,0,100000,787,776,11,2,10467310,11911168,0,32768,11943936,100000,100000,,true
sqlite-prolly-patterns-v1,abb1b67a6dabf5a0140012329eff4771957e6e93,true,100000,1,range-scan,append,not-applicable,1000,1000,36922250,36922.25,27083.93990073736,,,,,8,0,111760,0,0,8,0,100000,787,776,11,2,10467310,11911168,0,32768,11943936,100000,100000,,true
sqlite-prolly-patterns-v1,abb1b67a6dabf5a0140012329eff4771957e6e93,true,100000,1,range-scan,random,not-applicable,1000,1000,106856958,106856.958,9358.304959420611,,,,,9,0,117751,0,0,9,0,100000,787,776,11,2,10467310,11911168,0,32768,11943936,100000,100000,,true
sqlite-prolly-patterns-v1,abb1b67a6dabf5a0140012329eff4771957e6e93,true,100000,1,range-scan,clustered,not-applicable,1000,1000,19395959,19395.959,51557.131049823314,,,,,15,0,156639,0,0,15,0,100000,787,776,11,2,10467310,11911168,0,32768,11943936,100000,100000,,true
sqlite-prolly-patterns-v1,abb1b67a6dabf5a0140012329eff4771957e6e93,true,500000,1,put,append,not-applicable,5000,5000,3094600291,618920.0582,1615.7175498695124,263250,1101666,14541916,68074584,4,20000,14578,73064361,29996,4,0,505000,3887,3846,41,3,52853962,145362944,4214792,32768,149610504,505000,505000,,true
sqlite-prolly-patterns-v1,abb1b67a6dabf5a0140012329eff4771957e6e93,true,500000,1,put,random,not-applicable,5000,5000,3871650041,774330.0082,1291.4390368579286,389083,1278416,13443000,47305750,2215,20000,42289746,170688459,47785,2215,0,500000,3856,3815,41,3,52331178,259121152,4260112,32768,263414032,500000,500000,,true
sqlite-prolly-patterns-v1,abb1b67a6dabf5a0140012329eff4771957e6e93,true,500000,1,put,clustered,not-applicable,5000,5000,3886565834,777313.1668,1286.4827751686555,383959,1239917,14479708,81603875,48,20000,604860,170552751,49952,48,0,500000,3856,3815,41,3,52331178,265826304,4239512,32768,270098584,500000,500000,,true
sqlite-prolly-patterns-v1,abb1b67a6dabf5a0140012329eff4771957e6e93,true,500000,1,batch,append,not-applicable,5000,5000,74281500,14856.3,67311.5109414861,,,,,4,35,14578,537362,2,4,0,505000,3887,3846,41,3,52853962,59244544,947632,32768,60224944,505000,505000,,true
sqlite-prolly-patterns-v1,abb1b67a6dabf5a0140012329eff4771957e6e93,true,500000,1,batch,random,not-applicable,5000,5000,1072345792,214469.1584,4662.675078600019,,,,,2215,2213,42289746,42275901,4,2215,0,500000,3856,3815,41,3,52331178,105496576,49122792,98304,154717672,500000,500000,,true
sqlite-prolly-patterns-v1,abb1b67a6dabf5a0140012329eff4771957e6e93,true,500000,1,batch,clustered,not-applicable,5000,5000,123285000,24657.0,40556.43427829825,,,,,48,45,604860,590397,3,48,0,500000,3856,3815,41,3,52331178,59244544,1157752,32768,60435064,500000,500000,,true
sqlite-prolly-patterns-v1,abb1b67a6dabf5a0140012329eff4771957e6e93,true,500000,1,point-read,append,cold-manager,5000,5000,66931375,13386.275,74703.38088826055,209,4458,6667,9932125,43,0,532071,0,6592,43,0,500000,3856,3815,41,3,52331178,59244544,0,32768,59277312,500000,500000,,true
sqlite-prolly-patterns-v1,abb1b67a6dabf5a0140012329eff4771957e6e93,true,500000,1,point-read,append,warm-manager,5000,5000,3562625,712.525,1403459.527735869,208,4333,4500,17708,0,0,0,0,6680,0,0,500000,3856,3815,41,3,52331178,59244544,0,32768,59277312,500000,500000,,true
sqlite-prolly-patterns-v1,abb1b67a6dabf5a0140012329eff4771957e6e93,true,500000,1,point-read,random,cold-manager,5000,5000,698548167,139709.6334,7157.702555391574,5708,723250,1558584,10608125,2213,0,42275901,0,17784,2213,0,500000,3856,3815,41,3,52331178,59244544,0,32768,59277312,500000,500000,,true
sqlite-prolly-patterns-v1,abb1b67a6dabf5a0140012329eff4771957e6e93,true,500000,1,point-read,random,warm-manager,5000,5000,25218042,5043.6084,198270.7460000265,4916,5333,8500,42958,0,0,0,0,19988,0,0,500000,3856,3815,41,3,52331178,59244544,0,32768,59277312,500000,500000,,true
sqlite-prolly-patterns-v1,abb1b67a6dabf5a0140012329eff4771957e6e93,true,500000,1,point-read,clustered,cold-manager,5000,5000,65355250,13071.05,76504.94795750915,209,4458,5458,10492708,45,0,590397,0,6782,45,0,500000,3856,3815,41,3,52331178,59244544,0,32768,59277312,500000,500000,,true
sqlite-prolly-patterns-v1,abb1b67a6dabf5a0140012329eff4771957e6e93,true,500000,1,point-read,clustered,warm-manager,5000,5000,3730625,746.125,1340257.9996649355,208,4375,4500,7125,0,0,0,0,6872,0,0,500000,3856,3815,41,3,52331178,59244544,0,32768,59277312,500000,500000,,true
sqlite-prolly-patterns-v1,abb1b67a6dabf5a0140012329eff4771957e6e93,true,500000,1,range-scan,append,not-applicable,5000,5000,72963000,14592.6,68527.88399599797,,,,,43,0,532071,0,0,43,0,500000,3856,3815,41,3,52331178,59244544,0,32768,59277312,500000,500000,,true
sqlite-prolly-patterns-v1,abb1b67a6dabf5a0140012329eff4771957e6e93,true,500000,1,range-scan,random,not-applicable,5000,5000,71408917,14281.7834,70019.2666414476,,,,,40,0,536378,0,0,40,0,500000,3856,3815,41,3,52331178,59244544,0,32768,59277312,500000,500000,,true
sqlite-prolly-patterns-v1,abb1b67a6dabf5a0140012329eff4771957e6e93,true,500000,1,range-scan,clustered,not-applicable,5000,5000,61586208,12317.2416,81187.008623749,,,,,45,0,590397,0,0,45,0,500000,3856,3815,41,3,52331178,59244544,0,32768,59277312,500000,500000,,true
sqlite-prolly-patterns-v1,abb1b67a6dabf5a0140012329eff4771957e6e93,true,1000000,1,put,append,not-applicable,10000,10000,7464955250,746495.525,1339.5927591126551,365167,1184541,14655166,88669083,4,40000,17218,261213953,59996,4,0,1010000,7792,7717,75,3,105709170,441987072,4227152,32768,446246992,1010000,1010000,,true
sqlite-prolly-patterns-v1,abb1b67a6dabf5a0140012329eff4771957e6e93,true,1000000,1,put,random,not-applicable,10000,10000,10355515125,1035551.5125,965.6690062533224,424625,1488250,15618250,158211458,4466,40000,84894649,359922382,95534,4466,0,1000000,7719,7644,75,3,104662829,543858688,4268352,32768,548159808,1000000,1000000,,true
sqlite-prolly-patterns-v1,abb1b67a6dabf5a0140012329eff4771957e6e93,true,1000000,1,put,clustered,not-applicable,10000,10000,13373389500,1337338.95,747.7535893200449,446000,5418875,18679625,239703084,76,40000,1124951,418095387,99924,76,0,1000000,7719,7644,75,3,104662829,598355968,4243632,32768,602632368,1000000,1000000,,true
sqlite-prolly-patterns-v1,abb1b67a6dabf5a0140012329eff4771957e6e93,true,1000000,1,batch,append,not-applicable,10000,10000,1010265084,101026.5084,9898.39217288044,,,,,4,77,17218,1063559,2,4,0,1010000,7792,7717,75,3,105709170,118599680,1957032,32768,120589480,1010000,1010000,,true
sqlite-prolly-patterns-v1,abb1b67a6dabf5a0140012329eff4771957e6e93,true,1000000,1,batch,random,not-applicable,10000,10000,2137593333,213759.3333,4678.158303368923,,,,,4466,4465,84894649,84889204,5,4466,0,1000000,7719,7644,75,3,104662829,211427328,98612232,196608,310236168,1000000,1000000,,true
sqlite-prolly-patterns-v1,abb1b67a6dabf5a0140012329eff4771957e6e93,true,1000000,1,batch,clustered,not-applicable,10000,10000,228617833,22861.7833,43741.11970521565,,,,,76,74,1124951,1109900,4,76,0,1000000,7719,7644,75,3,104662829,118599680,1952912,32768,120585360,1000000,1000000,,true
sqlite-prolly-patterns-v1,abb1b67a6dabf5a0140012329eff4771957e6e93,true,1000000,1,point-read,append,cold-manager,10000,10000,161998125,16199.8125,61729.1095190145,209,4500,7208,16716042,86,0,1059405,0,13565,86,0,1000000,7719,7644,75,3,104662829,118599680,0,32768,118632448,1000000,1000000,,true
sqlite-prolly-patterns-v1,abb1b67a6dabf5a0140012329eff4771957e6e93,true,1000000,1,point-read,append,warm-manager,10000,10000,7555750,755.575,1323495.351222579,208,4166,4583,19542,0,0,0,0,13696,0,0,1000000,7719,7644,75,3,104662829,118599680,0,32768,118632448,1000000,1000000,,true
sqlite-prolly-patterns-v1,abb1b67a6dabf5a0140012329eff4771957e6e93,true,1000000,1,point-read,random,cold-manager,10000,10000,1496637167,149663.7167,6681.646173497707,6292,744291,1699125,12139458,4465,0,84889204,0,35520,4465,0,1000000,7719,7644,75,3,104662829,118599680,0,32768,118632448,1000000,1000000,,true
sqlite-prolly-patterns-v1,abb1b67a6dabf5a0140012329eff4771957e6e93,true,1000000,1,point-read,random,warm-manager,10000,10000,51303541,5130.3541,194918.31957564098,4750,7959,10000,41667,0,0,0,0,39994,0,0,1000000,7719,7644,75,3,104662829,118599680,0,32768,118632448,1000000,1000000,,true
sqlite-prolly-patterns-v1,abb1b67a6dabf5a0140012329eff4771957e6e93,true,1000000,1,point-read,clustered,cold-manager,10000,10000,125427500,12542.75,79727.33252277212,209,4417,5041,9848541,74,0,1109900,0,12953,74,0,1000000,7719,7644,75,3,104662829,118599680,0,32768,118632448,1000000,1000000,,true
sqlite-prolly-patterns-v1,abb1b67a6dabf5a0140012329eff4771957e6e93,true,1000000,1,point-read,clustered,warm-manager,10000,10000,6496167,649.6167,1539369.2926921367,208,4167,4417,12958,0,0,0,0,13072,0,0,1000000,7719,7644,75,3,104662829,118599680,0,32768,118632448,1000000,1000000,,true
sqlite-prolly-patterns-v1,abb1b67a6dabf5a0140012329eff4771957e6e93,true,1000000,1,range-scan,append,not-applicable,10000,10000,132455166,13245.5166,75497.24410144938,,,,,86,0,1059405,0,0,86,0,1000000,7719,7644,75,3,104662829,118599680,0,32768,118632448,1000000,1000000,,true
sqlite-prolly-patterns-v1,abb1b67a6dabf5a0140012329eff4771957e6e93,true,1000000,1,range-scan,random,not-applicable,10000,10000,134210666,13421.0666,74509.7263730142,,,,,90,0,1058866,0,0,90,0,1000000,7719,7644,75,3,104662829,118599680,0,32768,118632448,1000000,1000000,,true
sqlite-prolly-patterns-v1,abb1b67a6dabf5a0140012329eff4771957e6e93,true,1000000,1,range-scan,clustered,not-applicable,10000,10000,119869375,11986.9375,83424.14399007252,,,,,74,0,1109900,0,0,74,0,1000000,7719,7644,75,3,104662829,118599680,0,32768,118632448,1000000,1000000,,true
sqlite-prolly-patterns-v1,abb1b67a6dabf5a0140012329eff4771957e6e93,true,10000,2,range-scan,clustered,not-applicable,100,100,2851542,28515.42,35068.7452613358,,,,,3,0,23239,0,0,3,0,10000,87,84,3,2,1047293,1220608,0,32768,1253376,10000,10000,,true
sqlite-prolly-patterns-v1,abb1b67a6dabf5a0140012329eff4771957e6e93,true,10000,2,range-scan,random,not-applicable,100,100,3177000,31770.0,31476.235442241108,,,,,4,0,47529,0,0,4,0,10000,87,84,3,2,1047293,1220608,0,32768,1253376,10000,10000,,true
sqlite-prolly-patterns-v1,abb1b67a6dabf5a0140012329eff4771957e6e93,true,10000,2,range-scan,append,not-applicable,100,100,2116541,21165.41,47246.89954033491,,,,,3,0,14387,0,0,3,0,10000,87,84,3,2,1047293,1220608,0,32768,1253376,10000,10000,,true
sqlite-prolly-patterns-v1,abb1b67a6dabf5a0140012329eff4771957e6e93,true,10000,2,point-read,clustered,warm-manager,100,100,24417,244.17,4095507.2285702582,208,250,250,375,0,0,0,0,100,0,0,10000,87,84,3,2,1047293,1220608,0,32768,1253376,10000,10000,,true
sqlite-prolly-patterns-v1,abb1b67a6dabf5a0140012329eff4771957e6e93,true,10000,2,point-read,clustered,cold-manager,100,100,2208666,22086.66,45276.198393057166,208,291,916,2183834,3,0,23239,0,99,3,0,10000,87,84,3,2,1047293,1220608,0,32768,1253376,10000,10000,,true
sqlite-prolly-patterns-v1,abb1b67a6dabf5a0140012329eff4771957e6e93,true,10000,2,point-read,random,warm-manager,100,100,426041,4260.41,234719.19369262582,4291,4458,7667,8000,0,0,0,0,294,0,0,10000,87,84,3,2,1047293,1220608,0,32768,1253376,10000,10000,,true
sqlite-prolly-patterns-v1,abb1b67a6dabf5a0140012329eff4771957e6e93,true,10000,2,point-read,random,cold-manager,100,100,11887459,118874.59,8412.226700424371,22083,344166,1479500,2478792,54,0,807512,0,246,54,0,10000,87,84,3,2,1047293,1220608,0,32768,1253376,10000,10000,,true
sqlite-prolly-patterns-v1,abb1b67a6dabf5a0140012329eff4771957e6e93,true,10000,2,point-read,append,warm-manager,100,100,26000,260.0,3846153.8461538465,209,292,333,334,0,0,0,0,100,0,0,10000,87,84,3,2,1047293,1220608,0,32768,1253376,10000,10000,,true
sqlite-prolly-patterns-v1,abb1b67a6dabf5a0140012329eff4771957e6e93,true,10000,2,point-read,append,cold-manager,100,100,1846292,18462.92,54162.61349775658,208,292,1959,1819833,3,0,14387,0,99,3,0,10000,87,84,3,2,1047293,1220608,0,32768,1253376,10000,10000,,true
sqlite-prolly-patterns-v1,abb1b67a6dabf5a0140012329eff4771957e6e93,true,10000,2,batch,clustered,not-applicable,100,100,3395542,33955.42,29450.37935033641,,,,,4,3,35555,23239,4,4,0,10000,87,84,3,2,1047293,1220608,49472,32768,1302848,10000,10000,,true
sqlite-prolly-patterns-v1,abb1b67a6dabf5a0140012329eff4771957e6e93,true,10000,2,batch,random,not-applicable,100,100,13361792,133617.92,7484.026094703465,,,,,54,54,807512,807512,5,54,0,10000,87,84,3,2,1047293,1220608,976472,32768,2229848,10000,10000,,true
sqlite-prolly-patterns-v1,abb1b67a6dabf5a0140012329eff4771957e6e93,true,10000,2,batch,append,not-applicable,100,100,2981583,29815.83,33539.230670419034,,,,,3,4,14387,24875,2,3,0,10100,88,85,3,2,1057781,1220608,49472,32768,1302848,10100,10100,,true
sqlite-prolly-patterns-v1,abb1b67a6dabf5a0140012329eff4771957e6e93,true,10000,2,put,clustered,not-applicable,100,100,32196625,321966.25,3105.9156045082364,202500,733833,3190833,4579000,4,300,35555,2323900,796,4,0,10000,87,84,3,2,1047293,3084288,4161232,32768,7278288,10000,10000,,true
sqlite-prolly-patterns-v1,abb1b67a6dabf5a0140012329eff4771957e6e93,true,10000,2,put,random,not-applicable,100,100,33847958,338479.58,2954.387972237498,205250,584208,4055417,5234541,54,300,807512,2057130,746,54,0,10000,87,84,3,2,1047293,3129344,4148872,32768,7310984,10000,10000,,true
sqlite-prolly-patterns-v1,abb1b67a6dabf5a0140012329eff4771957e6e93,true,10000,2,put,append,not-applicable,100,100,28750375,287503.75,3478.2155015369362,143125,654292,4324333,5167292,3,300,14387,791167,497,3,0,10100,88,85,3,2,1057781,2424832,4148872,32768,6606472,10100,10100,,true
sqlite-prolly-patterns-v1,abb1b67a6dabf5a0140012329eff4771957e6e93,true,50000,2,range-scan,clustered,not-applicable,500,500,7478292,14956.584,66860.18679131544,,,,,6,0,83254,0,0,6,0,50000,398,393,5,2,5233968,5971968,0,32768,6004736,50000,50000,,true
sqlite-prolly-patterns-v1,abb1b67a6dabf5a0140012329eff4771957e6e93,true,50000,2,range-scan,random,not-applicable,500,500,8669583,17339.166,57672.90076120155,,,,,8,0,80172,0,0,8,0,50000,398,393,5,2,5233968,5971968,0,32768,6004736,50000,50000,,true
sqlite-prolly-patterns-v1,abb1b67a6dabf5a0140012329eff4771957e6e93,true,50000,2,range-scan,append,not-applicable,500,500,8772792,17545.584,56994.39813459615,,,,,8,0,79808,0,0,8,0,50000,398,393,5,2,5233968,5971968,0,32768,6004736,50000,50000,,true
sqlite-prolly-patterns-v1,abb1b67a6dabf5a0140012329eff4771957e6e93,true,50000,2,point-read,clustered,warm-manager,500,500,367042,734.084,1362241.923267637,208,4084,4250,7083,0,0,0,0,628,0,0,50000,398,393,5,2,5233968,5971968,0,32768,6004736,50000,50000,,true
sqlite-prolly-patterns-v1,abb1b67a6dabf5a0140012329eff4771957e6e93,true,50000,2,point-read,clustered,cold-manager,500,500,7613834,15227.668,65669.93711709502,208,4375,4916,4517333,6,0,83254,0,592,6,0,50000,398,393,5,2,5233968,5971968,0,32768,6004736,50000,50000,,true
sqlite-prolly-patterns-v1,abb1b67a6dabf5a0140012329eff4771957e6e93,true,50000,2,point-read,random,warm-manager,500,500,2128291,4256.582,234930.2797408813,4208,4417,4709,13459,0,0,0,0,1492,0,0,50000,398,393,5,2,5233968,5971968,0,32768,6004736,50000,50000,,true
sqlite-prolly-patterns-v1,abb1b67a6dabf5a0140012329eff4771957e6e93,true,50000,2,point-read,random,cold-manager,500,500,63687792,127375.584,7850.79815610502,5000,653208,1261500,4967583,233,0,4280032,0,1261,233,0,50000,398,393,5,2,5233968,5971968,0,32768,6004736,50000,50000,,true
sqlite-prolly-patterns-v1,abb1b67a6dabf5a0140012329eff4771957e6e93,true,50000,2,point-read,append,warm-manager,500,500,388000,776.0,1288659.793814433,209,4334,4417,5416,0,0,0,0,628,0,0,50000,398,393,5,2,5233968,5971968,0,32768,6004736,50000,50000,,true
sqlite-prolly-patterns-v1,abb1b67a6dabf5a0140012329eff4771957e6e93,true,50000,2,point-read,append,cold-manager,500,500,9195042,18390.084,54377.13063192098,209,4250,498625,4885917,8,0,79808,0,608,8,0,50000,398,393,5,2,5233968,5971968,0,32768,6004736,50000,50000,,true
sqlite-prolly-patterns-v1,abb1b67a6dabf5a0140012329eff4771957e6e93,true,50000,2,batch,clustered,not-applicable,500,500,13235458,26470.916,37777.31001073027,,,,,8,6,87121,83254,3,8,0,50000,398,393,5,2,5233968,5971968,160712,32768,6165448,50000,50000,,true
sqlite-prolly-patterns-v1,abb1b67a6dabf5a0140012329eff4771957e6e93,true,50000,2,batch,random,not-applicable,500,500,95260958,190521.916,5248.739992726086,,,,,234,233,4281000,4280032,4,234,0,50000,398,393,5,2,5233968,10637312,4972872,32768,15642952,50000,50000,,true
sqlite-prolly-patterns-v1,abb1b67a6dabf5a0140012329eff4771957e6e93,true,50000,2,batch,append,not-applicable,500,500,14765958,29531.916,33861.670201147805,,,,,3,10,4062,56613,2,3,0,50500,405,400,5,2,5286519,5971968,156592,32768,6161328,50500,50500,,true
sqlite-prolly-patterns-v1,abb1b67a6dabf5a0140012329eff4771957e6e93,true,50000,2,put,clustered,not-applicable,500,500,223081542,446163.084,2241.3329023877736,278375,830791,5891584,10218958,8,1500,87121,17425098,3992,8,0,50000,398,393,5,2,5233968,23564288,4177712,32768,27774768,50000,50000,,true
sqlite-prolly-patterns-v1,abb1b67a6dabf5a0140012329eff4771957e6e93,true,50000,2,put,random,not-applicable,500,500,224913667,449827.334,2223.075221124735,262458,918250,5853917,9011542,234,1500,4281000,15199430,3766,234,0,50000,398,393,5,2,5233968,22454272,4190072,32768,26677112,50000,50000,,true
sqlite-prolly-patterns-v1,abb1b67a6dabf5a0140012329eff4771957e6e93,true,50000,2,put,append,not-applicable,500,500,130821083,261642.166,3822.013918047139,129041,639333,3826750,8245625,3,1500,4062,3501490,2497,3,0,50500,405,400,5,2,5286519,10956800,4169472,32768,15159040,50500,50500,,true
sqlite-prolly-patterns-v1,abb1b67a6dabf5a0140012329eff4771957e6e93,true,100000,2,range-scan,clustered,not-applicable,1000,1000,19680417,19680.417,50811.93147482597,,,,,15,0,156639,0,0,15,0,100000,787,776,11,2,10467310,11911168,0,32768,11943936,100000,100000,,true
sqlite-prolly-patterns-v1,abb1b67a6dabf5a0140012329eff4771957e6e93,true,100000,2,range-scan,random,not-applicable,1000,1000,11286333,11286.333,88602.73748789796,,,,,9,0,117751,0,0,9,0,100000,787,776,11,2,10467310,11911168,0,32768,11943936,100000,100000,,true
sqlite-prolly-patterns-v1,abb1b67a6dabf5a0140012329eff4771957e6e93,true,100000,2,range-scan,append,not-applicable,1000,1000,12904041,12904.041,77495.10405306368,,,,,8,0,111760,0,0,8,0,100000,787,776,11,2,10467310,11911168,0,32768,11943936,100000,100000,,true
sqlite-prolly-patterns-v1,abb1b67a6dabf5a0140012329eff4771957e6e93,true,100000,2,point-read,clustered,warm-manager,1000,1000,1024416,1024.416,976165.9325898853,209,4333,4584,15667,0,0,0,0,1384,0,0,100000,787,776,11,2,10467310,11911168,0,32768,11943936,100000,100000,,true
sqlite-prolly-patterns-v1,abb1b67a6dabf5a0140012329eff4771957e6e93,true,100000,2,point-read,clustered,cold-manager,1000,1000,19745167,19745.167,50645.30474723257,209,4250,656166,5606042,15,0,156639,0,1339,15,0,100000,787,776,11,2,10467310,11911168,0,32768,11943936,100000,100000,,true
sqlite-prolly-patterns-v1,abb1b67a6dabf5a0140012329eff4771957e6e93,true,100000,2,point-read,random,warm-manager,1000,1000,4337708,4337.708,230536.4953104266,4209,4542,7167,9458,0,0,0,0,3000,0,0,100000,787,776,11,2,10467310,11911168,0,32768,11943936,100000,100000,,true
sqlite-prolly-patterns-v1,abb1b67a6dabf5a0140012329eff4771957e6e93,true,100000,2,point-read,random,cold-manager,1000,1000,131073208,131073.208,7629.324217043654,4917,684833,1514667,5344000,467,0,8619729,0,2527,467,0,100000,787,776,11,2,10467310,11911168,0,32768,11943936,100000,100000,,true
sqlite-prolly-patterns-v1,abb1b67a6dabf5a0140012329eff4771957e6e93,true,100000,2,point-read,append,warm-manager,1000,1000,537583,537.583,1860177.8702079493,208,4041,4208,4541,0,0,0,0,1160,0,0,100000,787,776,11,2,10467310,11911168,0,32768,11943936,100000,100000,,true
sqlite-prolly-patterns-v1,abb1b67a6dabf5a0140012329eff4771957e6e93,true,100000,2,point-read,append,cold-manager,1000,1000,13061709,13061.709,76559.65999548757,208,4208,4708,6816542,8,0,111760,0,1122,8,0,100000,787,776,11,2,10467310,11911168,0,32768,11943936,100000,100000,,true
sqlite-prolly-patterns-v1,abb1b67a6dabf5a0140012329eff4771957e6e93,true,100000,2,batch,clustered,not-applicable,1000,1000,31743041,31743.041,31502.96784734645,,,,,17,15,173258,156639,3,17,0,100000,787,776,11,2,10467310,11911168,288432,32768,12232368,100000,100000,,true
sqlite-prolly-patterns-v1,abb1b67a6dabf5a0140012329eff4771957e6e93,true,100000,2,batch,random,not-applicable,1000,1000,187388041,187388.041,5336.519847603295,,,,,467,467,8619729,8619729,5,467,0,100000,787,776,11,2,10467310,21360640,10056952,32768,31450360,100000,100000,,true
sqlite-prolly-patterns-v1,abb1b67a6dabf5a0140012329eff4771957e6e93,true,100000,2,batch,append,not-applicable,1000,1000,18690541,18690.541,53502.999190874136,,,,,3,10,17065,121684,2,3,0,101000,794,783,11,2,10571929,11911168,210152,32768,12154088,101000,101000,,true
sqlite-prolly-patterns-v1,abb1b67a6dabf5a0140012329eff4771957e6e93,true,100000,2,put,clustered,not-applicable,1000,1000,405423166,405423.166,2466.558608049546,200125,926875,6198041,13426250,17,3000,173258,21278642,7983,17,0,100000,787,776,11,2,10467310,35110912,4181832,32768,39325512,100000,100000,,true
sqlite-prolly-patterns-v1,abb1b67a6dabf5a0140012329eff4771957e6e93,true,100000,2,put,random,not-applicable,1000,1000,495991667,495991.667,2016.1629046078308,271750,1019708,7752250,14548750,467,3000,8619729,30917173,7533,467,0,100000,787,776,11,2,10467310,46129152,4231272,32768,50393192,100000,100000,,true
sqlite-prolly-patterns-v1,abb1b67a6dabf5a0140012329eff4771957e6e93,true,100000,2,put,append,not-applicable,1000,1000,346490542,346490.542,2886.081663954914,174958,967000,5634542,12523917,3,3000,17065,14571501,4997,3,0,101000,794,783,11,2,10571929,27672576,4177712,32768,31883056,101000,101000,,true
sqlite-prolly-patterns-v1,abb1b67a6dabf5a0140012329eff4771957e6e93,true,500000,2,range-scan,clustered,not-applicable,5000,5000,626326333,125265.2666,7983.058888887561,,,,,45,0,590397,0,0,45,0,500000,3856,3815,41,3,52331178,59244544,0,32768,59277312,500000,500000,,true
sqlite-prolly-patterns-v1,abb1b67a6dabf5a0140012329eff4771957e6e93,true,500000,2,range-scan,random,not-applicable,5000,5000,497012417,99402.4834,10060.110832200799,,,,,40,0,536378,0,0,40,0,500000,3856,3815,41,3,52331178,59244544,0,32768,59277312,500000,500000,,true
sqlite-prolly-patterns-v1,abb1b67a6dabf5a0140012329eff4771957e6e93,true,500000,2,range-scan,append,not-applicable,5000,5000,61951834,12390.3668,80707.86088431216,,,,,43,0,532071,0,0,43,0,500000,3856,3815,41,3,52331178,59244544,0,32768,59277312,500000,500000,,true
sqlite-prolly-patterns-v1,abb1b67a6dabf5a0140012329eff4771957e6e93,true,500000,2,point-read,clustered,warm-manager,5000,5000,3771667,754.3334,1325673.7670637413,208,4333,4500,8000,0,0,0,0,6872,0,0,500000,3856,3815,41,3,52331178,59244544,0,32768,59277312,500000,500000,,true
sqlite-prolly-patterns-v1,abb1b67a6dabf5a0140012329eff4771957e6e93,true,500000,2,point-read,clustered,cold-manager,5000,5000,68504750,13700.95,72987.63954324335,209,4417,7125,12024375,45,0,590397,0,6782,45,0,500000,3856,3815,41,3,52331178,59244544,0,32768,59277312,500000,500000,,true
sqlite-prolly-patterns-v1,abb1b67a6dabf5a0140012329eff4771957e6e93,true,500000,2,point-read,random,warm-manager,5000,5000,25757792,5151.5584,194116.01739776452,4916,5625,10875,47375,0,0,0,0,19988,0,0,500000,3856,3815,41,3,52331178,59244544,0,32768,59277312,500000,500000,,true
sqlite-prolly-patterns-v1,abb1b67a6dabf5a0140012329eff4771957e6e93,true,500000,2,point-read,random,cold-manager,5000,5000,691624708,138324.9416,7229.354217923632,5541,738750,1599500,11526000,2213,0,42275901,0,17784,2213,0,500000,3856,3815,41,3,52331178,59244544,0,32768,59277312,500000,500000,,true
sqlite-prolly-patterns-v1,abb1b67a6dabf5a0140012329eff4771957e6e93,true,500000,2,point-read,append,warm-manager,5000,5000,3590792,718.1584,1392450.467751961,208,4333,4542,16250,0,0,0,0,6680,0,0,500000,3856,3815,41,3,52331178,59244544,0,32768,59277312,500000,500000,,true
sqlite-prolly-patterns-v1,abb1b67a6dabf5a0140012329eff4771957e6e93,true,500000,2,point-read,append,cold-manager,5000,5000,64813708,12962.7416,77144.1745008633,209,4417,5208,9674542,43,0,532071,0,6592,43,0,500000,3856,3815,41,3,52331178,59244544,0,32768,59277312,500000,500000,,true
sqlite-prolly-patterns-v1,abb1b67a6dabf5a0140012329eff4771957e6e93,true,500000,2,batch,clustered,not-applicable,5000,5000,118300584,23660.1168,42265.218234256565,,,,,48,45,604860,590397,3,48,0,500000,3856,3815,41,3,52331178,59244544,1157752,32768,60435064,500000,500000,,true
sqlite-prolly-patterns-v1,abb1b67a6dabf5a0140012329eff4771957e6e93,true,500000,2,batch,random,not-applicable,5000,5000,1038202084,207640.4168,4816.018073028642,,,,,2215,2213,42289746,42275901,4,2215,0,500000,3856,3815,41,3,52331178,105496576,49122792,98304,154717672,500000,500000,,true
sqlite-prolly-patterns-v1,abb1b67a6dabf5a0140012329eff4771957e6e93,true,500000,2,batch,append,not-applicable,5000,5000,69867125,13973.425,71564.41602541968,,,,,4,35,14578,537362,2,4,0,505000,3887,3846,41,3,52853962,59244544,947632,32768,60224944,505000,505000,,true
sqlite-prolly-patterns-v1,abb1b67a6dabf5a0140012329eff4771957e6e93,true,500000,2,put,clustered,not-applicable,5000,5000,3540689916,708137.9832,1412.1541616523757,365542,1167541,12580334,38410667,48,20000,604860,170552751,49952,48,0,500000,3856,3815,41,3,52331178,265826304,4239512,32768,270098584,500000,500000,,true
sqlite-prolly-patterns-v1,abb1b67a6dabf5a0140012329eff4771957e6e93,true,500000,2,put,random,not-applicable,5000,5000,6886951417,1377390.2834,726.0106391425703,365625,5770959,20776833,254723583,2215,20000,42289746,170688459,47785,2215,0,500000,3856,3815,41,3,52331178,259121152,4260112,32768,263414032,500000,500000,,true
sqlite-prolly-patterns-v1,abb1b67a6dabf5a0140012329eff4771957e6e93,true,500000,2,put,append,not-applicable,5000,5000,5641161625,1128232.325,886.3422699752908,228167,5430667,18131709,176212583,4,20000,14578,73064361,29996,4,0,505000,3887,3846,41,3,52853962,145362944,4214792,32768,149610504,505000,505000,,true
sqlite-prolly-patterns-v1,abb1b67a6dabf5a0140012329eff4771957e6e93,true,1000000,2,range-scan,clustered,not-applicable,10000,10000,119362916,11936.2916,83778.11413387388,,,,,74,0,1109900,0,0,74,0,1000000,7719,7644,75,3,104662829,118599680,0,32768,118632448,1000000,1000000,,true
sqlite-prolly-patterns-v1,abb1b67a6dabf5a0140012329eff4771957e6e93,true,1000000,2,range-scan,random,not-applicable,10000,10000,136824458,13682.4458,73086.34834862637,,,,,90,0,1058866,0,0,90,0,1000000,7719,7644,75,3,104662829,118599680,0,32768,118632448,1000000,1000000,,true
sqlite-prolly-patterns-v1,abb1b67a6dabf5a0140012329eff4771957e6e93,true,1000000,2,range-scan,append,not-applicable,10000,10000,135549125,13554.9125,73773.99153259012,,,,,86,0,1059405,0,0,86,0,1000000,7719,7644,75,3,104662829,118599680,0,32768,118632448,1000000,1000000,,true
sqlite-prolly-patterns-v1,abb1b67a6dabf5a0140012329eff4771957e6e93,true,1000000,2,point-read,clustered,warm-manager,10000,10000,6651292,665.1292,1503467.2962786779,208,4208,4416,17041,0,0,0,0,13072,0,0,1000000,7719,7644,75,3,104662829,118599680,0,32768,118632448,1000000,1000000,,true
sqlite-prolly-patterns-v1,abb1b67a6dabf5a0140012329eff4771957e6e93,true,1000000,2,point-read,clustered,cold-manager,10000,10000,126874083,12687.4083,78818.30365623214,208,4292,5375,10161167,74,0,1109900,0,12953,74,0,1000000,7719,7644,75,3,104662829,118599680,0,32768,118632448,1000000,1000000,,true
sqlite-prolly-patterns-v1,abb1b67a6dabf5a0140012329eff4771957e6e93,true,1000000,2,point-read,random,warm-manager,10000,10000,50792917,5079.2917,196877.84420808122,4750,7833,9125,42958,0,0,0,0,39994,0,0,1000000,7719,7644,75,3,104662829,118599680,0,32768,118632448,1000000,1000000,,true
sqlite-prolly-patterns-v1,abb1b67a6dabf5a0140012329eff4771957e6e93,true,1000000,2,point-read,random,cold-manager,10000,10000,1425674167,142567.4167,7014.225432058348,5750,748042,1663334,12480375,4465,0,84889204,0,35520,4465,0,1000000,7719,7644,75,3,104662829,118599680,0,32768,118632448,1000000,1000000,,true
sqlite-prolly-patterns-v1,abb1b67a6dabf5a0140012329eff4771957e6e93,true,1000000,2,point-read,append,warm-manager,10000,10000,7336291,733.6291,1363086.606024761,208,4167,4416,36084,0,0,0,0,13696,0,0,1000000,7719,7644,75,3,104662829,118599680,0,32768,118632448,1000000,1000000,,true
sqlite-prolly-patterns-v1,abb1b67a6dabf5a0140012329eff4771957e6e93,true,1000000,2,point-read,append,cold-manager,10000,10000,143379417,14337.9417,69745.01786403553,209,4416,7625,13238458,86,0,1059405,0,13565,86,0,1000000,7719,7644,75,3,104662829,118599680,0,32768,118632448,1000000,1000000,,true
sqlite-prolly-patterns-v1,abb1b67a6dabf5a0140012329eff4771957e6e93,true,1000000,2,batch,clustered,not-applicable,10000,10000,216289875,21628.9875,46234.24929160461,,,,,76,74,1124951,1109900,4,76,0,1000000,7719,7644,75,3,104662829,118599680,1952912,32768,120585360,1000000,1000000,,true
sqlite-prolly-patterns-v1,abb1b67a6dabf5a0140012329eff4771957e6e93,true,1000000,2,batch,random,not-applicable,10000,10000,2099824084,209982.4084,4762.303697817764,,,,,4466,4465,84894649,84889204,5,4466,0,1000000,7719,7644,75,3,104662829,211427328,98612232,196608,310236168,1000000,1000000,,true
sqlite-prolly-patterns-v1,abb1b67a6dabf5a0140012329eff4771957e6e93,true,1000000,2,batch,append,not-applicable,10000,10000,153025625,15302.5625,65348.53231280709,,,,,4,77,17218,1063559,2,4,0,1010000,7792,7717,75,3,105709170,118599680,1957032,32768,120589480,1010000,1010000,,true
sqlite-prolly-patterns-v1,abb1b67a6dabf5a0140012329eff4771957e6e93,true,1000000,2,put,clustered,not-applicable,10000,10000,8589586375,858958.6375,1164.2004123859806,443083,1536334,13989625,56295375,76,40000,1124951,418095387,99924,76,0,1000000,7719,7644,75,3,104662829,598355968,4243632,32768,602632368,1000000,1000000,,true
sqlite-prolly-patterns-v1,abb1b67a6dabf5a0140012329eff4771957e6e93,true,1000000,2,put,random,not-applicable,10000,10000,7878148666,787814.8666,1269.3337513618328,395375,1323208,13446333,73241917,4466,40000,84894649,359922382,95534,4466,0,1000000,7719,7644,75,3,104662829,543858688,4268352,32768,548159808,1000000,1000000,,true
sqlite-prolly-patterns-v1,abb1b67a6dabf5a0140012329eff4771957e6e93,true,1000000,2,put,append,not-applicable,10000,10000,8017512750,801751.275,1247.2696098924196,345541,1180208,14633375,102649709,4,40000,17218,261213953,59996,4,0,1010000,7792,7717,75,3,105709170,441987072,4227152,32768,446246992,1010000,1010000,,true
sqlite-prolly-patterns-v1,abb1b67a6dabf5a0140012329eff4771957e6e93,true,10000,3,put,append,not-applicable,100,100,22182209,221822.09,4508.117293458014,130958,316916,2509750,4086333,3,300,14387,791167,497,3,0,10100,88,85,3,2,1057781,2424832,4148872,32768,6606472,10100,10100,,true
sqlite-prolly-patterns-v1,abb1b67a6dabf5a0140012329eff4771957e6e93,true,10000,3,put,random,not-applicable,100,100,26837750,268377.5,3726.094773220557,198667,426250,1189041,4904042,54,300,807512,2057130,746,54,0,10000,87,84,3,2,1047293,3129344,4148872,32768,7310984,10000,10000,,true
sqlite-prolly-patterns-v1,abb1b67a6dabf5a0140012329eff4771957e6e93,true,10000,3,put,clustered,not-applicable,100,100,57415375,574153.75,1741.6937536330645,224250,2679167,8456167,11406709,4,300,35555,2323900,796,4,0,10000,87,84,3,2,1047293,3084288,4161232,32768,7278288,10000,10000,,true
sqlite-prolly-patterns-v1,abb1b67a6dabf5a0140012329eff4771957e6e93,true,10000,3,batch,append,not-applicable,100,100,1384125,13841.25,72247.80998825973,,,,,3,4,14387,24875,2,3,0,10100,88,85,3,2,1057781,1220608,49472,32768,1302848,10100,10100,,true
sqlite-prolly-patterns-v1,abb1b67a6dabf5a0140012329eff4771957e6e93,true,10000,3,batch,random,not-applicable,100,100,8506291,85062.91,11756.005055552416,,,,,54,54,807512,807512,5,54,0,10000,87,84,3,2,1047293,1220608,976472,32768,2229848,10000,10000,,true
sqlite-prolly-patterns-v1,abb1b67a6dabf5a0140012329eff4771957e6e93,true,10000,3,batch,clustered,not-applicable,100,100,3651042,36510.42,27389.441151320636,,,,,4,3,35555,23239,4,4,0,10000,87,84,3,2,1047293,1220608,49472,32768,1302848,10000,10000,,true
sqlite-prolly-patterns-v1,abb1b67a6dabf5a0140012329eff4771957e6e93,true,10000,3,point-read,append,cold-manager,100,100,679416,6794.16,147185.22966783238,208,250,542,655750,3,0,14387,0,99,3,0,10000,87,84,3,2,1047293,1220608,0,32768,1253376,10000,10000,,true
sqlite-prolly-patterns-v1,abb1b67a6dabf5a0140012329eff4771957e6e93,true,10000,3,point-read,append,warm-manager,100,100,23584,235.84,4240162.822252374,208,250,292,333,0,0,0,0,100,0,0,10000,87,84,3,2,1047293,1220608,0,32768,1253376,10000,10000,,true
sqlite-prolly-patterns-v1,abb1b67a6dabf5a0140012329eff4771957e6e93,true,10000,3,point-read,random,cold-manager,100,100,6715750,67157.5,14890.369653426646,23375,194292,403916,1095542,54,0,807512,0,246,54,0,10000,87,84,3,2,1047293,1220608,0,32768,1253376,10000,10000,,true
sqlite-prolly-patterns-v1,abb1b67a6dabf5a0140012329eff4771957e6e93,true,10000,3,point-read,random,warm-manager,100,100,418458,4184.58,238972.60895956104,4209,5083,5209,5250,0,0,0,0,294,0,0,10000,87,84,3,2,1047293,1220608,0,32768,1253376,10000,10000,,true
sqlite-prolly-patterns-v1,abb1b67a6dabf5a0140012329eff4771957e6e93,true,10000,3,point-read,clustered,cold-manager,100,100,634042,6340.42,157718.2584119033,208,250,750,609500,3,0,23239,0,99,3,0,10000,87,84,3,2,1047293,1220608,0,32768,1253376,10000,10000,,true
sqlite-prolly-patterns-v1,abb1b67a6dabf5a0140012329eff4771957e6e93,true,10000,3,point-read,clustered,warm-manager,100,100,24542,245.42,4074647.5429875315,209,250,292,334,0,0,0,0,100,0,0,10000,87,84,3,2,1047293,1220608,0,32768,1253376,10000,10000,,true
sqlite-prolly-patterns-v1,abb1b67a6dabf5a0140012329eff4771957e6e93,true,10000,3,range-scan,append,not-applicable,100,100,581666,5816.66,171919.96781658204,,,,,3,0,14387,0,0,3,0,10000,87,84,3,2,1047293,1220608,0,32768,1253376,10000,10000,,true
sqlite-prolly-patterns-v1,abb1b67a6dabf5a0140012329eff4771957e6e93,true,10000,3,range-scan,random,not-applicable,100,100,1567958,15679.58,63777.218522434916,,,,,4,0,47529,0,0,4,0,10000,87,84,3,2,1047293,1220608,0,32768,1253376,10000,10000,,true
sqlite-prolly-patterns-v1,abb1b67a6dabf5a0140012329eff4771957e6e93,true,10000,3,range-scan,clustered,not-applicable,100,100,655250,6552.5,152613.50629530713,,,,,3,0,23239,0,0,3,0,10000,87,84,3,2,1047293,1220608,0,32768,1253376,10000,10000,,true
sqlite-prolly-patterns-v1,abb1b67a6dabf5a0140012329eff4771957e6e93,true,50000,3,put,append,not-applicable,500,500,135690458,271380.916,3684.857486441677,125708,537333,4155458,21091041,3,1500,4062,3501490,2497,3,0,50500,405,400,5,2,5286519,10956800,4169472,32768,15159040,50500,50500,,true
sqlite-prolly-patterns-v1,abb1b67a6dabf5a0140012329eff4771957e6e93,true,50000,3,put,random,not-applicable,500,500,210253917,420507.834,2378.0769801306483,246417,816000,6237208,8711542,234,1500,4281000,15199430,3766,234,0,50000,398,393,5,2,5233968,22454272,4190072,32768,26677112,50000,50000,,true
sqlite-prolly-patterns-v1,abb1b67a6dabf5a0140012329eff4771957e6e93,true,50000,3,put,clustered,not-applicable,500,500,230898125,461796.25,2165.4571686106156,278834,744083,6868458,8814542,8,1500,87121,17425098,3992,8,0,50000,398,393,5,2,5233968,23564288,4177712,32768,27774768,50000,50000,,true
sqlite-prolly-patterns-v1,abb1b67a6dabf5a0140012329eff4771957e6e93,true,50000,3,batch,append,not-applicable,500,500,12358041,24716.082,40459.48706595163,,,,,3,10,4062,56613,2,3,0,50500,405,400,5,2,5286519,5971968,156592,32768,6161328,50500,50500,,true
sqlite-prolly-patterns-v1,abb1b67a6dabf5a0140012329eff4771957e6e93,true,50000,3,batch,random,not-applicable,500,500,77572083,155144.166,6445.617813305335,,,,,234,233,4281000,4280032,4,234,0,50000,398,393,5,2,5233968,10637312,4972872,32768,15642952,50000,50000,,true
sqlite-prolly-patterns-v1,abb1b67a6dabf5a0140012329eff4771957e6e93,true,50000,3,batch,clustered,not-applicable,500,500,10350292,20700.584,48307.815856789355,,,,,8,6,87121,83254,3,8,0,50000,398,393,5,2,5233968,5971968,160712,32768,6165448,50000,50000,,true
sqlite-prolly-patterns-v1,abb1b67a6dabf5a0140012329eff4771957e6e93,true,50000,3,point-read,append,cold-manager,500,500,6487833,12975.666,77067.33511790454,209,4209,200583,3212958,8,0,79808,0,608,8,0,50000,398,393,5,2,5233968,5971968,0,32768,6004736,50000,50000,,true
sqlite-prolly-patterns-v1,abb1b67a6dabf5a0140012329eff4771957e6e93,true,50000,3,point-read,append,warm-manager,500,500,372500,745.0,1342281.8791946308,208,4167,4291,4583,0,0,0,0,628,0,0,50000,398,393,5,2,5233968,5971968,0,32768,6004736,50000,50000,,true
sqlite-prolly-patterns-v1,abb1b67a6dabf5a0140012329eff4771957e6e93,true,50000,3,point-read,random,cold-manager,500,500,56697167,113394.334,8818.782779746296,5167,518083,1129500,4054875,233,0,4280032,0,1261,233,0,50000,398,393,5,2,5233968,5971968,0,32768,6004736,50000,50000,,true
sqlite-prolly-patterns-v1,abb1b67a6dabf5a0140012329eff4771957e6e93,true,50000,3,point-read,random,warm-manager,500,500,2165375,4330.75,230906.88679789874,4209,4667,7625,9083,0,0,0,0,1492,0,0,50000,398,393,5,2,5233968,5971968,0,32768,6004736,50000,50000,,true
sqlite-prolly-patterns-v1,abb1b67a6dabf5a0140012329eff4771957e6e93,true,50000,3,point-read,clustered,cold-manager,500,500,4940208,9880.416,101210.31341190494,208,4250,4417,2561875,6,0,83254,0,592,6,0,50000,398,393,5,2,5233968,5971968,0,32768,6004736,50000,50000,,true
sqlite-prolly-patterns-v1,abb1b67a6dabf5a0140012329eff4771957e6e93,true,50000,3,point-read,clustered,warm-manager,500,500,363667,727.334,1374884.1660090135,208,4083,4333,4541,0,0,0,0,628,0,0,50000,398,393,5,2,5233968,5971968,0,32768,6004736,50000,50000,,true
sqlite-prolly-patterns-v1,abb1b67a6dabf5a0140012329eff4771957e6e93,true,50000,3,range-scan,append,not-applicable,500,500,8028250,16056.5,62280.07349048671,,,,,8,0,79808,0,0,8,0,50000,398,393,5,2,5233968,5971968,0,32768,6004736,50000,50000,,true
sqlite-prolly-patterns-v1,abb1b67a6dabf5a0140012329eff4771957e6e93,true,50000,3,range-scan,random,not-applicable,500,500,8539209,17078.418,58553.43275940429,,,,,8,0,80172,0,0,8,0,50000,398,393,5,2,5233968,5971968,0,32768,6004736,50000,50000,,true
sqlite-prolly-patterns-v1,abb1b67a6dabf5a0140012329eff4771957e6e93,true,50000,3,range-scan,clustered,not-applicable,500,500,5284125,10568.25,94623.04544271757,,,,,6,0,83254,0,0,6,0,50000,398,393,5,2,5233968,5971968,0,32768,6004736,50000,50000,,true
sqlite-prolly-patterns-v1,abb1b67a6dabf5a0140012329eff4771957e6e93,true,100000,3,put,append,not-applicable,1000,1000,382094167,382094.167,2617.155890788566,180208,802583,7470833,14494083,3,3000,17065,14571501,4997,3,0,101000,794,783,11,2,10571929,27672576,4177712,32768,31883056,101000,101000,,true
sqlite-prolly-patterns-v1,abb1b67a6dabf5a0140012329eff4771957e6e93,true,100000,3,put,random,not-applicable,1000,1000,486090375,486090.375,2057.230612722994,262750,960542,8581834,13690000,467,3000,8619729,30917173,7533,467,0,100000,787,776,11,2,10467310,46129152,4231272,32768,50393192,100000,100000,,true
sqlite-prolly-patterns-v1,abb1b67a6dabf5a0140012329eff4771957e6e93,true,100000,3,put,clustered,not-applicable,1000,1000,396792375,396792.375,2520.2097192517876,199125,900542,6263667,12437792,17,3000,173258,21278642,7983,17,0,100000,787,776,11,2,10467310,35110912,4181832,32768,39325512,100000,100000,,true
sqlite-prolly-patterns-v1,abb1b67a6dabf5a0140012329eff4771957e6e93,true,100000,3,batch,append,not-applicable,1000,1000,18578417,18578.417,53825.89916029983,,,,,3,10,17065,121684,2,3,0,101000,794,783,11,2,10571929,11911168,210152,32768,12154088,101000,101000,,true
sqlite-prolly-patterns-v1,abb1b67a6dabf5a0140012329eff4771957e6e93,true,100000,3,batch,random,not-applicable,1000,1000,166748584,166748.584,5997.052424745028,,,,,467,467,8619729,8619729,5,467,0,100000,787,776,11,2,10467310,21360640,10056952,32768,31450360,100000,100000,,true
sqlite-prolly-patterns-v1,abb1b67a6dabf5a0140012329eff4771957e6e93,true,100000,3,batch,clustered,not-applicable,1000,1000,28450250,28450.25,35149.07601866416,,,,,17,15,173258,156639,3,17,0,100000,787,776,11,2,10467310,11911168,288432,32768,12232368,100000,100000,,true
sqlite-prolly-patterns-v1,abb1b67a6dabf5a0140012329eff4771957e6e93,true,100000,3,point-read,append,cold-manager,1000,1000,11966541,11966.541,83566.33717295583,209,4333,5542,5937625,8,0,111760,0,1122,8,0,100000,787,776,11,2,10467310,11911168,0,32768,11943936,100000,100000,,true
sqlite-prolly-patterns-v1,abb1b67a6dabf5a0140012329eff4771957e6e93,true,100000,3,point-read,append,warm-manager,1000,1000,576917,576.917,1733351.5913034284,209,4333,4416,6833,0,0,0,0,1160,0,0,100000,787,776,11,2,10467310,11911168,0,32768,11943936,100000,100000,,true
sqlite-prolly-patterns-v1,abb1b67a6dabf5a0140012329eff4771957e6e93,true,100000,3,point-read,random,cold-manager,1000,1000,122077042,122077.042,8191.548415794675,5292,610209,1373167,5002542,467,0,8619729,0,2527,467,0,100000,787,776,11,2,10467310,11911168,0,32768,11943936,100000,100000,,true
sqlite-prolly-patterns-v1,abb1b67a6dabf5a0140012329eff4771957e6e93,true,100000,3,point-read,random,warm-manager,1000,1000,4379917,4379.917,228314.82879698407,4250,4625,8208,14708,0,0,0,0,3000,0,0,100000,787,776,11,2,10467310,11911168,0,32768,11943936,100000,100000,,true
sqlite-prolly-patterns-v1,abb1b67a6dabf5a0140012329eff4771957e6e93,true,100000,3,point-read,clustered,cold-manager,1000,1000,18810791,18810.791,53160.975527291754,208,4250,715458,5296459,15,0,156639,0,1339,15,0,100000,787,776,11,2,10467310,11911168,0,32768,11943936,100000,100000,,true
sqlite-prolly-patterns-v1,abb1b67a6dabf5a0140012329eff4771957e6e93,true,100000,3,point-read,clustered,warm-manager,1000,1000,979500,979.5,1020929.0454313427,208,4083,4208,7167,0,0,0,0,1384,0,0,100000,787,776,11,2,10467310,11911168,0,32768,11943936,100000,100000,,true
sqlite-prolly-patterns-v1,abb1b67a6dabf5a0140012329eff4771957e6e93,true,100000,3,range-scan,append,not-applicable,1000,1000,11168375,11168.375,89538.5407456322,,,,,8,0,111760,0,0,8,0,100000,787,776,11,2,10467310,11911168,0,32768,11943936,100000,100000,,true
sqlite-prolly-patterns-v1,abb1b67a6dabf5a0140012329eff4771957e6e93,true,100000,3,range-scan,random,not-applicable,1000,1000,9255250,9255.25,108046.78425758354,,,,,9,0,117751,0,0,9,0,100000,787,776,11,2,10467310,11911168,0,32768,11943936,100000,100000,,true
sqlite-prolly-patterns-v1,abb1b67a6dabf5a0140012329eff4771957e6e93,true,100000,3,range-scan,clustered,not-applicable,1000,1000,19225208,19225.208,52015.04191788198,,,,,15,0,156639,0,0,15,0,100000,787,776,11,2,10467310,11911168,0,32768,11943936,100000,100000,,true
sqlite-prolly-patterns-v1,abb1b67a6dabf5a0140012329eff4771957e6e93,true,500000,3,put,append,not-applicable,5000,5000,2712224250,542444.85,1843.5053812382955,236708,911375,12416167,41667834,4,20000,14578,73064361,29996,4,0,505000,3887,3846,41,3,52853962,145362944,4214792,32768,149610504,505000,505000,,true
sqlite-prolly-patterns-v1,abb1b67a6dabf5a0140012329eff4771957e6e93,true,500000,3,put,random,not-applicable,5000,5000,3459575583,691915.1166,1445.263986880208,344708,1175917,11804792,37465667,2215,20000,42289746,170688459,47785,2215,0,500000,3856,3815,41,3,52331178,259121152,4260112,32768,263414032,500000,500000,,true
sqlite-prolly-patterns-v1,abb1b67a6dabf5a0140012329eff4771957e6e93,true,500000,3,put,clustered,not-applicable,5000,5000,3789559542,757911.9084,1319.4145505789231,370167,1754167,12451834,28738541,48,20000,604860,170552751,49952,48,0,500000,3856,3815,41,3,52331178,265826304,4239512,32768,270098584,500000,500000,,true
sqlite-prolly-patterns-v1,abb1b67a6dabf5a0140012329eff4771957e6e93,true,500000,3,batch,append,not-applicable,5000,5000,66386125,13277.225,75316.94311122994,,,,,4,35,14578,537362,2,4,0,505000,3887,3846,41,3,52853962,59244544,947632,32768,60224944,505000,505000,,true
sqlite-prolly-patterns-v1,abb1b67a6dabf5a0140012329eff4771957e6e93,true,500000,3,batch,random,not-applicable,5000,5000,959846375,191969.275,5209.166935698434,,,,,2215,2213,42289746,42275901,4,2215,0,500000,3856,3815,41,3,52331178,105496576,49122792,98304,154717672,500000,500000,,true
sqlite-prolly-patterns-v1,abb1b67a6dabf5a0140012329eff4771957e6e93,true,500000,3,batch,clustered,not-applicable,5000,5000,191477083,38295.4166,26112.785518045523,,,,,48,45,604860,590397,3,48,0,500000,3856,3815,41,3,52331178,59244544,1157752,32768,60435064,500000,500000,,true
sqlite-prolly-patterns-v1,abb1b67a6dabf5a0140012329eff4771957e6e93,true,500000,3,point-read,append,cold-manager,5000,5000,59706500,11941.3,83742.97605788315,209,4416,4875,8784916,43,0,532071,0,6592,43,0,500000,3856,3815,41,3,52331178,59244544,0,32768,59277312,500000,500000,,true
sqlite-prolly-patterns-v1,abb1b67a6dabf5a0140012329eff4771957e6e93,true,500000,3,point-read,append,warm-manager,5000,5000,3341625,668.325,1496278.0084539708,208,4125,4208,8375,0,0,0,0,6680,0,0,500000,3856,3815,41,3,52331178,59244544,0,32768,59277312,500000,500000,,true
sqlite-prolly-patterns-v1,abb1b67a6dabf5a0140012329eff4771957e6e93,true,500000,3,point-read,random,cold-manager,5000,5000,649515542,129903.1084,7698.045199355677,5458,674542,1413333,10138375,2213,0,42275901,0,17784,2213,0,500000,3856,3815,41,3,52331178,59244544,0,32768,59277312,500000,500000,,true
sqlite-prolly-patterns-v1,abb1b67a6dabf5a0140012329eff4771957e6e93,true,500000,3,point-read,random,warm-manager,5000,5000,25674583,5134.9166,194745.12984300466,5000,5375,6166,187250,0,0,0,0,19988,0,0,500000,3856,3815,41,3,52331178,59244544,0,32768,59277312,500000,500000,,true
sqlite-prolly-patterns-v1,abb1b67a6dabf5a0140012329eff4771957e6e93,true,500000,3,point-read,clustered,cold-manager,5000,5000,58007709,11601.5418,86195.439988847,209,4458,5625,9823667,45,0,590397,0,6782,45,0,500000,3856,3815,41,3,52331178,59244544,0,32768,59277312,500000,500000,,true
sqlite-prolly-patterns-v1,abb1b67a6dabf5a0140012329eff4771957e6e93,true,500000,3,point-read,clustered,warm-manager,5000,5000,3920333,784.0666,1275401.8599950566,209,4416,4625,11792,0,0,0,0,6872,0,0,500000,3856,3815,41,3,52331178,59244544,0,32768,59277312,500000,500000,,true
sqlite-prolly-patterns-v1,abb1b67a6dabf5a0140012329eff4771957e6e93,true,500000,3,range-scan,append,not-applicable,5000,5000,75867083,15173.4166,65904.73499554477,,,,,43,0,532071,0,0,43,0,500000,3856,3815,41,3,52331178,59244544,0,32768,59277312,500000,500000,,true
sqlite-prolly-patterns-v1,abb1b67a6dabf5a0140012329eff4771957e6e93,true,500000,3,range-scan,random,not-applicable,5000,5000,149302000,29860.4,33489.16960255054,,,,,40,0,536378,0,0,40,0,500000,3856,3815,41,3,52331178,59244544,0,32768,59277312,500000,500000,,true
sqlite-prolly-patterns-v1,abb1b67a6dabf5a0140012329eff4771957e6e93,true,500000,3,range-scan,clustered,not-applicable,5000,5000,59968709,11993.7418,83376.81573235134,,,,,45,0,590397,0,0,45,0,500000,3856,3815,41,3,52331178,59244544,0,32768,59277312,500000,500000,,true
sqlite-prolly-patterns-v1,abb1b67a6dabf5a0140012329eff4771957e6e93,true,1000000,3,put,append,not-applicable,10000,10000,7490011750,749001.175,1335.111390179061,369291,1136625,14309875,51067958,4,40000,17218,261213953,59996,4,0,1010000,7792,7717,75,3,105709170,441987072,4227152,32768,446246992,1010000,1010000,,true
sqlite-prolly-patterns-v1,abb1b67a6dabf5a0140012329eff4771957e6e93,true,1000000,3,put,random,not-applicable,10000,10000,10963737875,1096373.7875,912.0976909528677,407833,1478625,16277792,230323750,4466,40000,84894649,359922382,95534,4466,0,1000000,7719,7644,75,3,104662829,543858688,4268352,32768,548159808,1000000,1000000,,true
sqlite-prolly-patterns-v1,abb1b67a6dabf5a0140012329eff4771957e6e93,true,1000000,3,put,clustered,not-applicable,10000,10000,8100098958,810009.8958,1234.5528186570582,428583,1429500,13160458,60075792,76,40000,1124951,418095387,99924,76,0,1000000,7719,7644,75,3,104662829,598355968,4243632,32768,602632368,1000000,1000000,,true
sqlite-prolly-patterns-v1,abb1b67a6dabf5a0140012329eff4771957e6e93,true,1000000,3,batch,append,not-applicable,10000,10000,140073166,14007.3166,71391.26133552233,,,,,4,77,17218,1063559,2,4,0,1010000,7792,7717,75,3,105709170,118599680,1957032,32768,120589480,1010000,1010000,,true
sqlite-prolly-patterns-v1,abb1b67a6dabf5a0140012329eff4771957e6e93,true,1000000,3,batch,random,not-applicable,10000,10000,1820269625,182026.9625,5493.6916282388665,,,,,4466,4465,84894649,84889204,5,4466,0,1000000,7719,7644,75,3,104662829,211427328,98612232,196608,310236168,1000000,1000000,,true
sqlite-prolly-patterns-v1,abb1b67a6dabf5a0140012329eff4771957e6e93,true,1000000,3,batch,clustered,not-applicable,10000,10000,195998958,19599.8958,51020.67940585684,,,,,76,74,1124951,1109900,4,76,0,1000000,7719,7644,75,3,104662829,118599680,1952912,32768,120585360,1000000,1000000,,true
sqlite-prolly-patterns-v1,abb1b67a6dabf5a0140012329eff4771957e6e93,true,1000000,3,point-read,append,cold-manager,10000,10000,144384166,14438.4166,69259.67214438181,209,4500,9125,11892625,86,0,1059405,0,13565,86,0,1000000,7719,7644,75,3,104662829,118599680,0,32768,118632448,1000000,1000000,,true
sqlite-prolly-patterns-v1,abb1b67a6dabf5a0140012329eff4771957e6e93,true,1000000,3,point-read,append,warm-manager,10000,10000,7423625,742.3625,1347050.8006533198,208,4250,4500,63917,0,0,0,0,13696,0,0,1000000,7719,7644,75,3,104662829,118599680,0,32768,118632448,1000000,1000000,,true
sqlite-prolly-patterns-v1,abb1b67a6dabf5a0140012329eff4771957e6e93,true,1000000,3,point-read,random,cold-manager,10000,10000,1330918792,133091.8792,7513.606434974734,5875,674417,1425083,10655333,4465,0,84889204,0,35520,4465,0,1000000,7719,7644,75,3,104662829,118599680,0,32768,118632448,1000000,1000000,,true
sqlite-prolly-patterns-v1,abb1b67a6dabf5a0140012329eff4771957e6e93,true,1000000,3,point-read,random,warm-manager,10000,10000,51051333,5105.1333,195881.271111961,4667,8000,9542,46916,0,0,0,0,39994,0,0,1000000,7719,7644,75,3,104662829,118599680,0,32768,118632448,1000000,1000000,,true
sqlite-prolly-patterns-v1,abb1b67a6dabf5a0140012329eff4771957e6e93,true,1000000,3,point-read,clustered,cold-manager,10000,10000,116279500,11627.95,85999.68180117734,208,4292,4542,9109542,74,0,1109900,0,12953,74,0,1000000,7719,7644,75,3,104662829,118599680,0,32768,118632448,1000000,1000000,,true
sqlite-prolly-patterns-v1,abb1b67a6dabf5a0140012329eff4771957e6e93,true,1000000,3,point-read,clustered,warm-manager,10000,10000,6470625,647.0625,1545445.7645127017,208,4125,4291,16959,0,0,0,0,13072,0,0,1000000,7719,7644,75,3,104662829,118599680,0,32768,118632448,1000000,1000000,,true
sqlite-prolly-patterns-v1,abb1b67a6dabf5a0140012329eff4771957e6e93,true,1000000,3,range-scan,append,not-applicable,10000,10000,120358917,12035.8917,83084.8286878487,,,,,86,0,1059405,0,0,86,0,1000000,7719,7644,75,3,104662829,118599680,0,32768,118632448,1000000,1000000,,true
sqlite-prolly-patterns-v1,abb1b67a6dabf5a0140012329eff4771957e6e93,true,1000000,3,range-scan,random,not-applicable,10000,10000,123485959,12348.5959,80980.8668206561,,,,,90,0,1058866,0,0,90,0,1000000,7719,7644,75,3,104662829,118599680,0,32768,118632448,1000000,1000000,,true
sqlite-prolly-patterns-v1,abb1b67a6dabf5a0140012329eff4771957e6e93,true,1000000,3,range-scan,clustered,not-applicable,10000,10000,110346209,11034.6209,90623.86547416414,,,,,74,0,1109900,0,0,74,0,1000000,7719,7644,75,3,104662829,118599680,0,32768,118632448,1000000,1000000,,true
