suite,revision_role,pair,revision,adapter,records,changes,api,pattern,run,total_ns,operations_per_sec,p50_ns,p95_ns,root,node_count,byte_count,value_valid,count_valid,root_valid,reopen_valid
local-adapters,baseline,1,a2f4e7a3066d2259783c8d815b45c0461c77b06b,sqlite-sync,10000,100,diff,append,1,53333,1875011.7188232427,53333,53333,3176e894d24515910ab6bfb7c9c7624bbf45eaa0e8cc826e89a8e1f8161b06c3,86,299311,true,true,true,true
local-adapters,baseline,1,a2f4e7a3066d2259783c8d815b45c0461c77b06b,sqlite-sync,10000,100,diff,clustered,1,17375,5755395.683453238,17375,17375,248213085e1db13263248cb7b60267666a7fd33653591b04593d8691dbb0cd7c,86,296404,true,true,true,true
local-adapters,baseline,1,a2f4e7a3066d2259783c8d815b45c0461c77b06b,sqlite-sync,10000,100,diff,append,2,10541,9486765.96148373,10541,10541,3176e894d24515910ab6bfb7c9c7624bbf45eaa0e8cc826e89a8e1f8161b06c3,86,299311,true,true,true,true
local-adapters,baseline,1,a2f4e7a3066d2259783c8d815b45c0461c77b06b,sqlite-sync,10000,100,diff,clustered,2,12208,8191349.9344692,12208,12208,248213085e1db13263248cb7b60267666a7fd33653591b04593d8691dbb0cd7c,86,296404,true,true,true,true
local-adapters,baseline,1,a2f4e7a3066d2259783c8d815b45c0461c77b06b,sqlite-sync,10000,100,diff,append,3,11750,8510638.29787234,11750,11750,3176e894d24515910ab6bfb7c9c7624bbf45eaa0e8cc826e89a8e1f8161b06c3,86,299311,true,true,true,true
local-adapters,baseline,1,a2f4e7a3066d2259783c8d815b45c0461c77b06b,sqlite-sync,10000,100,diff,clustered,3,11000,9090909.090909092,11000,11000,248213085e1db13263248cb7b60267666a7fd33653591b04593d8691dbb0cd7c,86,296404,true,true,true,true
local-adapters,candidate,1,81357948363fdb51dbc201ae5ba1a7377bb297e0,sqlite-sync,10000,100,diff,append,1,71333,1401875.709699578,71333,71333,3176e894d24515910ab6bfb7c9c7624bbf45eaa0e8cc826e89a8e1f8161b06c3,86,299311,true,true,true,true
local-adapters,candidate,1,81357948363fdb51dbc201ae5ba1a7377bb297e0,sqlite-sync,10000,100,diff,clustered,1,16500,6060606.060606061,16500,16500,248213085e1db13263248cb7b60267666a7fd33653591b04593d8691dbb0cd7c,86,296404,true,true,true,true
local-adapters,candidate,1,81357948363fdb51dbc201ae5ba1a7377bb297e0,sqlite-sync,10000,100,diff,append,2,9667,10344470.880314471,9667,9667,3176e894d24515910ab6bfb7c9c7624bbf45eaa0e8cc826e89a8e1f8161b06c3,86,299311,true,true,true,true
local-adapters,candidate,1,81357948363fdb51dbc201ae5ba1a7377bb297e0,sqlite-sync,10000,100,diff,clustered,2,14292,6996921.354603974,14292,14292,248213085e1db13263248cb7b60267666a7fd33653591b04593d8691dbb0cd7c,86,296404,true,true,true,true
local-adapters,candidate,1,81357948363fdb51dbc201ae5ba1a7377bb297e0,sqlite-sync,10000,100,diff,append,3,25292,3953819.389530286,25292,25292,3176e894d24515910ab6bfb7c9c7624bbf45eaa0e8cc826e89a8e1f8161b06c3,86,299311,true,true,true,true
local-adapters,candidate,1,81357948363fdb51dbc201ae5ba1a7377bb297e0,sqlite-sync,10000,100,diff,clustered,3,10250,9756097.56097561,10250,10250,248213085e1db13263248cb7b60267666a7fd33653591b04593d8691dbb0cd7c,86,296404,true,true,true,true
local-adapters,candidate,2,81357948363fdb51dbc201ae5ba1a7377bb297e0,sqlite-sync,10000,100,diff,append,1,16750,5970149.253731343,16750,16750,3176e894d24515910ab6bfb7c9c7624bbf45eaa0e8cc826e89a8e1f8161b06c3,86,299311,true,true,true,true
local-adapters,candidate,2,81357948363fdb51dbc201ae5ba1a7377bb297e0,sqlite-sync,10000,100,diff,clustered,1,10792,9266123.05411416,10792,10792,248213085e1db13263248cb7b60267666a7fd33653591b04593d8691dbb0cd7c,86,296404,true,true,true,true
local-adapters,candidate,2,81357948363fdb51dbc201ae5ba1a7377bb297e0,sqlite-sync,10000,100,diff,append,2,8000,12500000.0,8000,8000,3176e894d24515910ab6bfb7c9c7624bbf45eaa0e8cc826e89a8e1f8161b06c3,86,299311,true,true,true,true
local-adapters,candidate,2,81357948363fdb51dbc201ae5ba1a7377bb297e0,sqlite-sync,10000,100,diff,clustered,2,10000,10000000.0,10000,10000,248213085e1db13263248cb7b60267666a7fd33653591b04593d8691dbb0cd7c,86,296404,true,true,true,true
local-adapters,candidate,2,81357948363fdb51dbc201ae5ba1a7377bb297e0,sqlite-sync,10000,100,diff,append,3,11291,8856611.46045523,11291,11291,3176e894d24515910ab6bfb7c9c7624bbf45eaa0e8cc826e89a8e1f8161b06c3,86,299311,true,true,true,true
local-adapters,candidate,2,81357948363fdb51dbc201ae5ba1a7377bb297e0,sqlite-sync,10000,100,diff,clustered,3,11459,8726764.988218868,11459,11459,248213085e1db13263248cb7b60267666a7fd33653591b04593d8691dbb0cd7c,86,296404,true,true,true,true
local-adapters,baseline,2,a2f4e7a3066d2259783c8d815b45c0461c77b06b,sqlite-sync,10000,100,diff,append,1,12125,8247422.680412371,12125,12125,3176e894d24515910ab6bfb7c9c7624bbf45eaa0e8cc826e89a8e1f8161b06c3,86,299311,true,true,true,true
local-adapters,baseline,2,a2f4e7a3066d2259783c8d815b45c0461c77b06b,sqlite-sync,10000,100,diff,clustered,1,11125,8988764.04494382,11125,11125,248213085e1db13263248cb7b60267666a7fd33653591b04593d8691dbb0cd7c,86,296404,true,true,true,true
local-adapters,baseline,2,a2f4e7a3066d2259783c8d815b45c0461c77b06b,sqlite-sync,10000,100,diff,append,2,7625,13114754.098360656,7625,7625,3176e894d24515910ab6bfb7c9c7624bbf45eaa0e8cc826e89a8e1f8161b06c3,86,299311,true,true,true,true
local-adapters,baseline,2,a2f4e7a3066d2259783c8d815b45c0461c77b06b,sqlite-sync,10000,100,diff,clustered,2,9834,10168802.11511084,9834,9834,248213085e1db13263248cb7b60267666a7fd33653591b04593d8691dbb0cd7c,86,296404,true,true,true,true
local-adapters,baseline,2,a2f4e7a3066d2259783c8d815b45c0461c77b06b,sqlite-sync,10000,100,diff,append,3,7542,13259082.471492972,7542,7542,3176e894d24515910ab6bfb7c9c7624bbf45eaa0e8cc826e89a8e1f8161b06c3,86,299311,true,true,true,true
local-adapters,baseline,2,a2f4e7a3066d2259783c8d815b45c0461c77b06b,sqlite-sync,10000,100,diff,clustered,3,9750,10256410.256410256,9750,9750,248213085e1db13263248cb7b60267666a7fd33653591b04593d8691dbb0cd7c,86,296404,true,true,true,true
local-adapters,baseline,3,a2f4e7a3066d2259783c8d815b45c0461c77b06b,sqlite-sync,10000,100,diff,append,1,14791,6760868.0954634575,14791,14791,3176e894d24515910ab6bfb7c9c7624bbf45eaa0e8cc826e89a8e1f8161b06c3,86,299311,true,true,true,true
local-adapters,baseline,3,a2f4e7a3066d2259783c8d815b45c0461c77b06b,sqlite-sync,10000,100,diff,clustered,1,10417,9599692.809830084,10417,10417,248213085e1db13263248cb7b60267666a7fd33653591b04593d8691dbb0cd7c,86,296404,true,true,true,true
local-adapters,baseline,3,a2f4e7a3066d2259783c8d815b45c0461c77b06b,sqlite-sync,10000,100,diff,append,2,7250,13793103.448275862,7250,7250,3176e894d24515910ab6bfb7c9c7624bbf45eaa0e8cc826e89a8e1f8161b06c3,86,299311,true,true,true,true
local-adapters,baseline,3,a2f4e7a3066d2259783c8d815b45c0461c77b06b,sqlite-sync,10000,100,diff,clustered,2,10500,9523809.523809524,10500,10500,248213085e1db13263248cb7b60267666a7fd33653591b04593d8691dbb0cd7c,86,296404,true,true,true,true
local-adapters,baseline,3,a2f4e7a3066d2259783c8d815b45c0461c77b06b,sqlite-sync,10000,100,diff,append,3,7167,13952839.402818473,7167,7167,3176e894d24515910ab6bfb7c9c7624bbf45eaa0e8cc826e89a8e1f8161b06c3,86,299311,true,true,true,true
local-adapters,baseline,3,a2f4e7a3066d2259783c8d815b45c0461c77b06b,sqlite-sync,10000,100,diff,clustered,3,9500,10526315.789473685,9500,9500,248213085e1db13263248cb7b60267666a7fd33653591b04593d8691dbb0cd7c,86,296404,true,true,true,true
local-adapters,candidate,3,81357948363fdb51dbc201ae5ba1a7377bb297e0,sqlite-sync,10000,100,diff,append,1,14584,6856829.402084476,14584,14584,3176e894d24515910ab6bfb7c9c7624bbf45eaa0e8cc826e89a8e1f8161b06c3,86,299311,true,true,true,true
local-adapters,candidate,3,81357948363fdb51dbc201ae5ba1a7377bb297e0,sqlite-sync,10000,100,diff,clustered,1,22708,4403734.366742998,22708,22708,248213085e1db13263248cb7b60267666a7fd33653591b04593d8691dbb0cd7c,86,296404,true,true,true,true
local-adapters,candidate,3,81357948363fdb51dbc201ae5ba1a7377bb297e0,sqlite-sync,10000,100,diff,append,2,8292,12059816.6907863,8292,8292,3176e894d24515910ab6bfb7c9c7624bbf45eaa0e8cc826e89a8e1f8161b06c3,86,299311,true,true,true,true
local-adapters,candidate,3,81357948363fdb51dbc201ae5ba1a7377bb297e0,sqlite-sync,10000,100,diff,clustered,2,10292,9716284.49280995,10292,10292,248213085e1db13263248cb7b60267666a7fd33653591b04593d8691dbb0cd7c,86,296404,true,true,true,true
local-adapters,candidate,3,81357948363fdb51dbc201ae5ba1a7377bb297e0,sqlite-sync,10000,100,diff,append,3,8625,11594202.898550725,8625,8625,3176e894d24515910ab6bfb7c9c7624bbf45eaa0e8cc826e89a8e1f8161b06c3,86,299311,true,true,true,true
local-adapters,candidate,3,81357948363fdb51dbc201ae5ba1a7377bb297e0,sqlite-sync,10000,100,diff,clustered,3,10417,9599692.809830084,10417,10417,248213085e1db13263248cb7b60267666a7fd33653591b04593d8691dbb0cd7c,86,296404,true,true,true,true
local-adapters,candidate,4,81357948363fdb51dbc201ae5ba1a7377bb297e0,sqlite-sync,10000,100,diff,append,1,13250,7547169.811320755,13250,13250,3176e894d24515910ab6bfb7c9c7624bbf45eaa0e8cc826e89a8e1f8161b06c3,86,299311,true,true,true,true
local-adapters,candidate,4,81357948363fdb51dbc201ae5ba1a7377bb297e0,sqlite-sync,10000,100,diff,clustered,1,11875,8421052.631578946,11875,11875,248213085e1db13263248cb7b60267666a7fd33653591b04593d8691dbb0cd7c,86,296404,true,true,true,true
local-adapters,candidate,4,81357948363fdb51dbc201ae5ba1a7377bb297e0,sqlite-sync,10000,100,diff,append,2,7583,13187392.852433074,7583,7583,3176e894d24515910ab6bfb7c9c7624bbf45eaa0e8cc826e89a8e1f8161b06c3,86,299311,true,true,true,true
local-adapters,candidate,4,81357948363fdb51dbc201ae5ba1a7377bb297e0,sqlite-sync,10000,100,diff,clustered,2,10750,9302325.581395349,10750,10750,248213085e1db13263248cb7b60267666a7fd33653591b04593d8691dbb0cd7c,86,296404,true,true,true,true
local-adapters,candidate,4,81357948363fdb51dbc201ae5ba1a7377bb297e0,sqlite-sync,10000,100,diff,append,3,7333,13636983.499249967,7333,7333,3176e894d24515910ab6bfb7c9c7624bbf45eaa0e8cc826e89a8e1f8161b06c3,86,299311,true,true,true,true
local-adapters,candidate,4,81357948363fdb51dbc201ae5ba1a7377bb297e0,sqlite-sync,10000,100,diff,clustered,3,9500,10526315.789473685,9500,9500,248213085e1db13263248cb7b60267666a7fd33653591b04593d8691dbb0cd7c,86,296404,true,true,true,true
local-adapters,baseline,4,a2f4e7a3066d2259783c8d815b45c0461c77b06b,sqlite-sync,10000,100,diff,append,1,11834,8450228.156160217,11834,11834,3176e894d24515910ab6bfb7c9c7624bbf45eaa0e8cc826e89a8e1f8161b06c3,86,299311,true,true,true,true
local-adapters,baseline,4,a2f4e7a3066d2259783c8d815b45c0461c77b06b,sqlite-sync,10000,100,diff,clustered,1,11375,8791208.79120879,11375,11375,248213085e1db13263248cb7b60267666a7fd33653591b04593d8691dbb0cd7c,86,296404,true,true,true,true
local-adapters,baseline,4,a2f4e7a3066d2259783c8d815b45c0461c77b06b,sqlite-sync,10000,100,diff,append,2,8875,11267605.633802816,8875,8875,3176e894d24515910ab6bfb7c9c7624bbf45eaa0e8cc826e89a8e1f8161b06c3,86,299311,true,true,true,true
local-adapters,baseline,4,a2f4e7a3066d2259783c8d815b45c0461c77b06b,sqlite-sync,10000,100,diff,clustered,2,15708,6366182.836771072,15708,15708,248213085e1db13263248cb7b60267666a7fd33653591b04593d8691dbb0cd7c,86,296404,true,true,true,true
local-adapters,baseline,4,a2f4e7a3066d2259783c8d815b45c0461c77b06b,sqlite-sync,10000,100,diff,append,3,7875,12698412.698412698,7875,7875,3176e894d24515910ab6bfb7c9c7624bbf45eaa0e8cc826e89a8e1f8161b06c3,86,299311,true,true,true,true
local-adapters,baseline,4,a2f4e7a3066d2259783c8d815b45c0461c77b06b,sqlite-sync,10000,100,diff,clustered,3,12541,7973845.785822501,12541,12541,248213085e1db13263248cb7b60267666a7fd33653591b04593d8691dbb0cd7c,86,296404,true,true,true,true
local-adapters,baseline,5,a2f4e7a3066d2259783c8d815b45c0461c77b06b,sqlite-sync,10000,100,diff,append,1,12125,8247422.680412371,12125,12125,3176e894d24515910ab6bfb7c9c7624bbf45eaa0e8cc826e89a8e1f8161b06c3,86,299311,true,true,true,true
local-adapters,baseline,5,a2f4e7a3066d2259783c8d815b45c0461c77b06b,sqlite-sync,10000,100,diff,clustered,1,10125,9876543.209876543,10125,10125,248213085e1db13263248cb7b60267666a7fd33653591b04593d8691dbb0cd7c,86,296404,true,true,true,true
local-adapters,baseline,5,a2f4e7a3066d2259783c8d815b45c0461c77b06b,sqlite-sync,10000,100,diff,append,2,7959,12564392.511622064,7959,7959,3176e894d24515910ab6bfb7c9c7624bbf45eaa0e8cc826e89a8e1f8161b06c3,86,299311,true,true,true,true
local-adapters,baseline,5,a2f4e7a3066d2259783c8d815b45c0461c77b06b,sqlite-sync,10000,100,diff,clustered,2,9958,10042177.14400482,9958,9958,248213085e1db13263248cb7b60267666a7fd33653591b04593d8691dbb0cd7c,86,296404,true,true,true,true
local-adapters,baseline,5,a2f4e7a3066d2259783c8d815b45c0461c77b06b,sqlite-sync,10000,100,diff,append,3,7209,13871549.452073798,7209,7209,3176e894d24515910ab6bfb7c9c7624bbf45eaa0e8cc826e89a8e1f8161b06c3,86,299311,true,true,true,true
local-adapters,baseline,5,a2f4e7a3066d2259783c8d815b45c0461c77b06b,sqlite-sync,10000,100,diff,clustered,3,10459,9561143.512764128,10459,10459,248213085e1db13263248cb7b60267666a7fd33653591b04593d8691dbb0cd7c,86,296404,true,true,true,true
local-adapters,candidate,5,81357948363fdb51dbc201ae5ba1a7377bb297e0,sqlite-sync,10000,100,diff,append,1,15000,6666666.666666666,15000,15000,3176e894d24515910ab6bfb7c9c7624bbf45eaa0e8cc826e89a8e1f8161b06c3,86,299311,true,true,true,true
local-adapters,candidate,5,81357948363fdb51dbc201ae5ba1a7377bb297e0,sqlite-sync,10000,100,diff,clustered,1,12500,8000000.0,12500,12500,248213085e1db13263248cb7b60267666a7fd33653591b04593d8691dbb0cd7c,86,296404,true,true,true,true
local-adapters,candidate,5,81357948363fdb51dbc201ae5ba1a7377bb297e0,sqlite-sync,10000,100,diff,append,2,7542,13259082.471492972,7542,7542,3176e894d24515910ab6bfb7c9c7624bbf45eaa0e8cc826e89a8e1f8161b06c3,86,299311,true,true,true,true
local-adapters,candidate,5,81357948363fdb51dbc201ae5ba1a7377bb297e0,sqlite-sync,10000,100,diff,clustered,2,13583,7362143.856290951,13583,13583,248213085e1db13263248cb7b60267666a7fd33653591b04593d8691dbb0cd7c,86,296404,true,true,true,true
local-adapters,candidate,5,81357948363fdb51dbc201ae5ba1a7377bb297e0,sqlite-sync,10000,100,diff,append,3,7709,12971851.083149565,7709,7709,3176e894d24515910ab6bfb7c9c7624bbf45eaa0e8cc826e89a8e1f8161b06c3,86,299311,true,true,true,true
local-adapters,candidate,5,81357948363fdb51dbc201ae5ba1a7377bb297e0,sqlite-sync,10000,100,diff,clustered,3,12541,7973845.785822501,12541,12541,248213085e1db13263248cb7b60267666a7fd33653591b04593d8691dbb0cd7c,86,296404,true,true,true,true
local-adapters,candidate,6,81357948363fdb51dbc201ae5ba1a7377bb297e0,sqlite-sync,10000,100,diff,append,1,17875,5594405.594405594,17875,17875,3176e894d24515910ab6bfb7c9c7624bbf45eaa0e8cc826e89a8e1f8161b06c3,86,299311,true,true,true,true
local-adapters,candidate,6,81357948363fdb51dbc201ae5ba1a7377bb297e0,sqlite-sync,10000,100,diff,clustered,1,12833,7792410.192472531,12833,12833,248213085e1db13263248cb7b60267666a7fd33653591b04593d8691dbb0cd7c,86,296404,true,true,true,true
local-adapters,candidate,6,81357948363fdb51dbc201ae5ba1a7377bb297e0,sqlite-sync,10000,100,diff,append,2,7667,13042911.17777488,7667,7667,3176e894d24515910ab6bfb7c9c7624bbf45eaa0e8cc826e89a8e1f8161b06c3,86,299311,true,true,true,true
local-adapters,candidate,6,81357948363fdb51dbc201ae5ba1a7377bb297e0,sqlite-sync,10000,100,diff,clustered,2,10250,9756097.56097561,10250,10250,248213085e1db13263248cb7b60267666a7fd33653591b04593d8691dbb0cd7c,86,296404,true,true,true,true
local-adapters,candidate,6,81357948363fdb51dbc201ae5ba1a7377bb297e0,sqlite-sync,10000,100,diff,append,3,7625,13114754.098360656,7625,7625,3176e894d24515910ab6bfb7c9c7624bbf45eaa0e8cc826e89a8e1f8161b06c3,86,299311,true,true,true,true
local-adapters,candidate,6,81357948363fdb51dbc201ae5ba1a7377bb297e0,sqlite-sync,10000,100,diff,clustered,3,14250,7017543.859649123,14250,14250,248213085e1db13263248cb7b60267666a7fd33653591b04593d8691dbb0cd7c,86,296404,true,true,true,true
local-adapters,baseline,6,a2f4e7a3066d2259783c8d815b45c0461c77b06b,sqlite-sync,10000,100,diff,append,1,12959,7716644.802839725,12959,12959,3176e894d24515910ab6bfb7c9c7624bbf45eaa0e8cc826e89a8e1f8161b06c3,86,299311,true,true,true,true
local-adapters,baseline,6,a2f4e7a3066d2259783c8d815b45c0461c77b06b,sqlite-sync,10000,100,diff,clustered,1,14458,6916585.973163647,14458,14458,248213085e1db13263248cb7b60267666a7fd33653591b04593d8691dbb0cd7c,86,296404,true,true,true,true
local-adapters,baseline,6,a2f4e7a3066d2259783c8d815b45c0461c77b06b,sqlite-sync,10000,100,diff,append,2,8125,12307692.307692308,8125,8125,3176e894d24515910ab6bfb7c9c7624bbf45eaa0e8cc826e89a8e1f8161b06c3,86,299311,true,true,true,true
local-adapters,baseline,6,a2f4e7a3066d2259783c8d815b45c0461c77b06b,sqlite-sync,10000,100,diff,clustered,2,10458,9562057.754828839,10458,10458,248213085e1db13263248cb7b60267666a7fd33653591b04593d8691dbb0cd7c,86,296404,true,true,true,true
local-adapters,baseline,6,a2f4e7a3066d2259783c8d815b45c0461c77b06b,sqlite-sync,10000,100,diff,append,3,10292,9716284.49280995,10292,10292,3176e894d24515910ab6bfb7c9c7624bbf45eaa0e8cc826e89a8e1f8161b06c3,86,299311,true,true,true,true
local-adapters,baseline,6,a2f4e7a3066d2259783c8d815b45c0461c77b06b,sqlite-sync,10000,100,diff,clustered,3,12250,8163265.306122449,12250,12250,248213085e1db13263248cb7b60267666a7fd33653591b04593d8691dbb0cd7c,86,296404,true,true,true,true
local-adapters,baseline,7,a2f4e7a3066d2259783c8d815b45c0461c77b06b,sqlite-sync,10000,100,diff,append,1,20875,4790419.161676647,20875,20875,3176e894d24515910ab6bfb7c9c7624bbf45eaa0e8cc826e89a8e1f8161b06c3,86,299311,true,true,true,true
local-adapters,baseline,7,a2f4e7a3066d2259783c8d815b45c0461c77b06b,sqlite-sync,10000,100,diff,clustered,1,11334,8823010.411152285,11334,11334,248213085e1db13263248cb7b60267666a7fd33653591b04593d8691dbb0cd7c,86,296404,true,true,true,true
local-adapters,baseline,7,a2f4e7a3066d2259783c8d815b45c0461c77b06b,sqlite-sync,10000,100,diff,append,2,7875,12698412.698412698,7875,7875,3176e894d24515910ab6bfb7c9c7624bbf45eaa0e8cc826e89a8e1f8161b06c3,86,299311,true,true,true,true
local-adapters,baseline,7,a2f4e7a3066d2259783c8d815b45c0461c77b06b,sqlite-sync,10000,100,diff,clustered,2,10708,9338812.103100486,10708,10708,248213085e1db13263248cb7b60267666a7fd33653591b04593d8691dbb0cd7c,86,296404,true,true,true,true
local-adapters,baseline,7,a2f4e7a3066d2259783c8d815b45c0461c77b06b,sqlite-sync,10000,100,diff,append,3,7667,13042911.17777488,7667,7667,3176e894d24515910ab6bfb7c9c7624bbf45eaa0e8cc826e89a8e1f8161b06c3,86,299311,true,true,true,true
local-adapters,baseline,7,a2f4e7a3066d2259783c8d815b45c0461c77b06b,sqlite-sync,10000,100,diff,clustered,3,9750,10256410.256410256,9750,9750,248213085e1db13263248cb7b60267666a7fd33653591b04593d8691dbb0cd7c,86,296404,true,true,true,true
local-adapters,candidate,7,81357948363fdb51dbc201ae5ba1a7377bb297e0,sqlite-sync,10000,100,diff,append,1,13000,7692307.692307693,13000,13000,3176e894d24515910ab6bfb7c9c7624bbf45eaa0e8cc826e89a8e1f8161b06c3,86,299311,true,true,true,true
local-adapters,candidate,7,81357948363fdb51dbc201ae5ba1a7377bb297e0,sqlite-sync,10000,100,diff,clustered,1,17042,5867855.885459453,17042,17042,248213085e1db13263248cb7b60267666a7fd33653591b04593d8691dbb0cd7c,86,296404,true,true,true,true
local-adapters,candidate,7,81357948363fdb51dbc201ae5ba1a7377bb297e0,sqlite-sync,10000,100,diff,append,2,8250,12121212.121212121,8250,8250,3176e894d24515910ab6bfb7c9c7624bbf45eaa0e8cc826e89a8e1f8161b06c3,86,299311,true,true,true,true
local-adapters,candidate,7,81357948363fdb51dbc201ae5ba1a7377bb297e0,sqlite-sync,10000,100,diff,clustered,2,14875,6722689.075630251,14875,14875,248213085e1db13263248cb7b60267666a7fd33653591b04593d8691dbb0cd7c,86,296404,true,true,true,true
local-adapters,candidate,7,81357948363fdb51dbc201ae5ba1a7377bb297e0,sqlite-sync,10000,100,diff,append,3,7834,12764871.074802145,7834,7834,3176e894d24515910ab6bfb7c9c7624bbf45eaa0e8cc826e89a8e1f8161b06c3,86,299311,true,true,true,true
local-adapters,candidate,7,81357948363fdb51dbc201ae5ba1a7377bb297e0,sqlite-sync,10000,100,diff,clustered,3,10083,9917683.22919766,10083,10083,248213085e1db13263248cb7b60267666a7fd33653591b04593d8691dbb0cd7c,86,296404,true,true,true,true
local-adapters,candidate,8,81357948363fdb51dbc201ae5ba1a7377bb297e0,sqlite-sync,10000,100,diff,append,1,13833,7229089.8575869305,13833,13833,3176e894d24515910ab6bfb7c9c7624bbf45eaa0e8cc826e89a8e1f8161b06c3,86,299311,true,true,true,true
local-adapters,candidate,8,81357948363fdb51dbc201ae5ba1a7377bb297e0,sqlite-sync,10000,100,diff,clustered,1,11916,8392077.878482712,11916,11916,248213085e1db13263248cb7b60267666a7fd33653591b04593d8691dbb0cd7c,86,296404,true,true,true,true
local-adapters,candidate,8,81357948363fdb51dbc201ae5ba1a7377bb297e0,sqlite-sync,10000,100,diff,append,2,8417,11880717.595342759,8417,8417,3176e894d24515910ab6bfb7c9c7624bbf45eaa0e8cc826e89a8e1f8161b06c3,86,299311,true,true,true,true
local-adapters,candidate,8,81357948363fdb51dbc201ae5ba1a7377bb297e0,sqlite-sync,10000,100,diff,clustered,2,10250,9756097.56097561,10250,10250,248213085e1db13263248cb7b60267666a7fd33653591b04593d8691dbb0cd7c,86,296404,true,true,true,true
local-adapters,candidate,8,81357948363fdb51dbc201ae5ba1a7377bb297e0,sqlite-sync,10000,100,diff,append,3,7250,13793103.448275862,7250,7250,3176e894d24515910ab6bfb7c9c7624bbf45eaa0e8cc826e89a8e1f8161b06c3,86,299311,true,true,true,true
local-adapters,candidate,8,81357948363fdb51dbc201ae5ba1a7377bb297e0,sqlite-sync,10000,100,diff,clustered,3,12000,8333333.333333333,12000,12000,248213085e1db13263248cb7b60267666a7fd33653591b04593d8691dbb0cd7c,86,296404,true,true,true,true
local-adapters,baseline,8,a2f4e7a3066d2259783c8d815b45c0461c77b06b,sqlite-sync,10000,100,diff,append,1,11917,8391373.66786943,11917,11917,3176e894d24515910ab6bfb7c9c7624bbf45eaa0e8cc826e89a8e1f8161b06c3,86,299311,true,true,true,true
local-adapters,baseline,8,a2f4e7a3066d2259783c8d815b45c0461c77b06b,sqlite-sync,10000,100,diff,clustered,1,11917,8391373.66786943,11917,11917,248213085e1db13263248cb7b60267666a7fd33653591b04593d8691dbb0cd7c,86,296404,true,true,true,true
local-adapters,baseline,8,a2f4e7a3066d2259783c8d815b45c0461c77b06b,sqlite-sync,10000,100,diff,append,2,8500,11764705.88235294,8500,8500,3176e894d24515910ab6bfb7c9c7624bbf45eaa0e8cc826e89a8e1f8161b06c3,86,299311,true,true,true,true
local-adapters,baseline,8,a2f4e7a3066d2259783c8d815b45c0461c77b06b,sqlite-sync,10000,100,diff,clustered,2,11292,8855827.13425434,11292,11292,248213085e1db13263248cb7b60267666a7fd33653591b04593d8691dbb0cd7c,86,296404,true,true,true,true
local-adapters,baseline,8,a2f4e7a3066d2259783c8d815b45c0461c77b06b,sqlite-sync,10000,100,diff,append,3,17500,5714285.714285715,17500,17500,3176e894d24515910ab6bfb7c9c7624bbf45eaa0e8cc826e89a8e1f8161b06c3,86,299311,true,true,true,true
local-adapters,baseline,8,a2f4e7a3066d2259783c8d815b45c0461c77b06b,sqlite-sync,10000,100,diff,clustered,3,10666,9375585.974123383,10666,10666,248213085e1db13263248cb7b60267666a7fd33653591b04593d8691dbb0cd7c,86,296404,true,true,true,true
local-adapters,baseline,9,a2f4e7a3066d2259783c8d815b45c0461c77b06b,sqlite-sync,10000,100,diff,append,1,15625,6400000.0,15625,15625,3176e894d24515910ab6bfb7c9c7624bbf45eaa0e8cc826e89a8e1f8161b06c3,86,299311,true,true,true,true
local-adapters,baseline,9,a2f4e7a3066d2259783c8d815b45c0461c77b06b,sqlite-sync,10000,100,diff,clustered,1,11000,9090909.090909092,11000,11000,248213085e1db13263248cb7b60267666a7fd33653591b04593d8691dbb0cd7c,86,296404,true,true,true,true
local-adapters,baseline,9,a2f4e7a3066d2259783c8d815b45c0461c77b06b,sqlite-sync,10000,100,diff,append,2,8125,12307692.307692308,8125,8125,3176e894d24515910ab6bfb7c9c7624bbf45eaa0e8cc826e89a8e1f8161b06c3,86,299311,true,true,true,true
local-adapters,baseline,9,a2f4e7a3066d2259783c8d815b45c0461c77b06b,sqlite-sync,10000,100,diff,clustered,2,9791,10213461.34204882,9791,9791,248213085e1db13263248cb7b60267666a7fd33653591b04593d8691dbb0cd7c,86,296404,true,true,true,true
local-adapters,baseline,9,a2f4e7a3066d2259783c8d815b45c0461c77b06b,sqlite-sync,10000,100,diff,append,3,7750,12903225.806451613,7750,7750,3176e894d24515910ab6bfb7c9c7624bbf45eaa0e8cc826e89a8e1f8161b06c3,86,299311,true,true,true,true
local-adapters,baseline,9,a2f4e7a3066d2259783c8d815b45c0461c77b06b,sqlite-sync,10000,100,diff,clustered,3,10709,9337940.050424876,10709,10709,248213085e1db13263248cb7b60267666a7fd33653591b04593d8691dbb0cd7c,86,296404,true,true,true,true
local-adapters,candidate,9,81357948363fdb51dbc201ae5ba1a7377bb297e0,sqlite-sync,10000,100,diff,append,1,17667,5660270.560932813,17667,17667,3176e894d24515910ab6bfb7c9c7624bbf45eaa0e8cc826e89a8e1f8161b06c3,86,299311,true,true,true,true
local-adapters,candidate,9,81357948363fdb51dbc201ae5ba1a7377bb297e0,sqlite-sync,10000,100,diff,clustered,1,14000,7142857.142857143,14000,14000,248213085e1db13263248cb7b60267666a7fd33653591b04593d8691dbb0cd7c,86,296404,true,true,true,true
local-adapters,candidate,9,81357948363fdb51dbc201ae5ba1a7377bb297e0,sqlite-sync,10000,100,diff,append,2,8208,12183235.867446395,8208,8208,3176e894d24515910ab6bfb7c9c7624bbf45eaa0e8cc826e89a8e1f8161b06c3,86,299311,true,true,true,true
local-adapters,candidate,9,81357948363fdb51dbc201ae5ba1a7377bb297e0,sqlite-sync,10000,100,diff,clustered,2,10833,9231053.26317733,10833,10833,248213085e1db13263248cb7b60267666a7fd33653591b04593d8691dbb0cd7c,86,296404,true,true,true,true
local-adapters,candidate,9,81357948363fdb51dbc201ae5ba1a7377bb297e0,sqlite-sync,10000,100,diff,append,3,7083,14118311.449950587,7083,7083,3176e894d24515910ab6bfb7c9c7624bbf45eaa0e8cc826e89a8e1f8161b06c3,86,299311,true,true,true,true
local-adapters,candidate,9,81357948363fdb51dbc201ae5ba1a7377bb297e0,sqlite-sync,10000,100,diff,clustered,3,10625,9411764.705882352,10625,10625,248213085e1db13263248cb7b60267666a7fd33653591b04593d8691dbb0cd7c,86,296404,true,true,true,true
local-adapters,candidate,10,81357948363fdb51dbc201ae5ba1a7377bb297e0,sqlite-sync,10000,100,diff,append,1,19750,5063291.139240507,19750,19750,3176e894d24515910ab6bfb7c9c7624bbf45eaa0e8cc826e89a8e1f8161b06c3,86,299311,true,true,true,true
local-adapters,candidate,10,81357948363fdb51dbc201ae5ba1a7377bb297e0,sqlite-sync,10000,100,diff,clustered,1,11708,8541168.431841476,11708,11708,248213085e1db13263248cb7b60267666a7fd33653591b04593d8691dbb0cd7c,86,296404,true,true,true,true
local-adapters,candidate,10,81357948363fdb51dbc201ae5ba1a7377bb297e0,sqlite-sync,10000,100,diff,append,2,7875,12698412.698412698,7875,7875,3176e894d24515910ab6bfb7c9c7624bbf45eaa0e8cc826e89a8e1f8161b06c3,86,299311,true,true,true,true
local-adapters,candidate,10,81357948363fdb51dbc201ae5ba1a7377bb297e0,sqlite-sync,10000,100,diff,clustered,2,10375,9638554.21686747,10375,10375,248213085e1db13263248cb7b60267666a7fd33653591b04593d8691dbb0cd7c,86,296404,true,true,true,true
local-adapters,candidate,10,81357948363fdb51dbc201ae5ba1a7377bb297e0,sqlite-sync,10000,100,diff,append,3,8417,11880717.595342759,8417,8417,3176e894d24515910ab6bfb7c9c7624bbf45eaa0e8cc826e89a8e1f8161b06c3,86,299311,true,true,true,true
local-adapters,candidate,10,81357948363fdb51dbc201ae5ba1a7377bb297e0,sqlite-sync,10000,100,diff,clustered,3,12583,7947230.390209013,12583,12583,248213085e1db13263248cb7b60267666a7fd33653591b04593d8691dbb0cd7c,86,296404,true,true,true,true
local-adapters,baseline,10,a2f4e7a3066d2259783c8d815b45c0461c77b06b,sqlite-sync,10000,100,diff,append,1,15500,6451612.903225807,15500,15500,3176e894d24515910ab6bfb7c9c7624bbf45eaa0e8cc826e89a8e1f8161b06c3,86,299311,true,true,true,true
local-adapters,baseline,10,a2f4e7a3066d2259783c8d815b45c0461c77b06b,sqlite-sync,10000,100,diff,clustered,1,10917,9160025.648071814,10917,10917,248213085e1db13263248cb7b60267666a7fd33653591b04593d8691dbb0cd7c,86,296404,true,true,true,true
local-adapters,baseline,10,a2f4e7a3066d2259783c8d815b45c0461c77b06b,sqlite-sync,10000,100,diff,append,2,8958,11163206.072784103,8958,8958,3176e894d24515910ab6bfb7c9c7624bbf45eaa0e8cc826e89a8e1f8161b06c3,86,299311,true,true,true,true
local-adapters,baseline,10,a2f4e7a3066d2259783c8d815b45c0461c77b06b,sqlite-sync,10000,100,diff,clustered,2,11833,8450942.280064227,11833,11833,248213085e1db13263248cb7b60267666a7fd33653591b04593d8691dbb0cd7c,86,296404,true,true,true,true
local-adapters,baseline,10,a2f4e7a3066d2259783c8d815b45c0461c77b06b,sqlite-sync,10000,100,diff,append,3,9958,10042177.14400482,9958,9958,3176e894d24515910ab6bfb7c9c7624bbf45eaa0e8cc826e89a8e1f8161b06c3,86,299311,true,true,true,true
local-adapters,baseline,10,a2f4e7a3066d2259783c8d815b45c0461c77b06b,sqlite-sync,10000,100,diff,clustered,3,12916,7742335.08826262,12916,12916,248213085e1db13263248cb7b60267666a7fd33653591b04593d8691dbb0cd7c,86,296404,true,true,true,true
local-adapters,baseline,11,a2f4e7a3066d2259783c8d815b45c0461c77b06b,sqlite-sync,10000,100,diff,append,1,16416,6091617.933723197,16416,16416,3176e894d24515910ab6bfb7c9c7624bbf45eaa0e8cc826e89a8e1f8161b06c3,86,299311,true,true,true,true
local-adapters,baseline,11,a2f4e7a3066d2259783c8d815b45c0461c77b06b,sqlite-sync,10000,100,diff,clustered,1,10458,9562057.754828839,10458,10458,248213085e1db13263248cb7b60267666a7fd33653591b04593d8691dbb0cd7c,86,296404,true,true,true,true
local-adapters,baseline,11,a2f4e7a3066d2259783c8d815b45c0461c77b06b,sqlite-sync,10000,100,diff,append,2,7709,12971851.083149565,7709,7709,3176e894d24515910ab6bfb7c9c7624bbf45eaa0e8cc826e89a8e1f8161b06c3,86,299311,true,true,true,true
local-adapters,baseline,11,a2f4e7a3066d2259783c8d815b45c0461c77b06b,sqlite-sync,10000,100,diff,clustered,2,9958,10042177.14400482,9958,9958,248213085e1db13263248cb7b60267666a7fd33653591b04593d8691dbb0cd7c,86,296404,true,true,true,true
local-adapters,baseline,11,a2f4e7a3066d2259783c8d815b45c0461c77b06b,sqlite-sync,10000,100,diff,append,3,7125,14035087.719298245,7125,7125,3176e894d24515910ab6bfb7c9c7624bbf45eaa0e8cc826e89a8e1f8161b06c3,86,299311,true,true,true,true
local-adapters,baseline,11,a2f4e7a3066d2259783c8d815b45c0461c77b06b,sqlite-sync,10000,100,diff,clustered,3,26542,3767613.5935498453,26542,26542,248213085e1db13263248cb7b60267666a7fd33653591b04593d8691dbb0cd7c,86,296404,true,true,true,true
local-adapters,candidate,11,81357948363fdb51dbc201ae5ba1a7377bb297e0,sqlite-sync,10000,100,diff,append,1,15375,6504065.040650406,15375,15375,3176e894d24515910ab6bfb7c9c7624bbf45eaa0e8cc826e89a8e1f8161b06c3,86,299311,true,true,true,true
local-adapters,candidate,11,81357948363fdb51dbc201ae5ba1a7377bb297e0,sqlite-sync,10000,100,diff,clustered,1,13125,7619047.6190476185,13125,13125,248213085e1db13263248cb7b60267666a7fd33653591b04593d8691dbb0cd7c,86,296404,true,true,true,true
local-adapters,candidate,11,81357948363fdb51dbc201ae5ba1a7377bb297e0,sqlite-sync,10000,100,diff,append,2,9083,11009578.333149841,9083,9083,3176e894d24515910ab6bfb7c9c7624bbf45eaa0e8cc826e89a8e1f8161b06c3,86,299311,true,true,true,true
local-adapters,candidate,11,81357948363fdb51dbc201ae5ba1a7377bb297e0,sqlite-sync,10000,100,diff,clustered,2,10208,9796238.244514108,10208,10208,248213085e1db13263248cb7b60267666a7fd33653591b04593d8691dbb0cd7c,86,296404,true,true,true,true
local-adapters,candidate,11,81357948363fdb51dbc201ae5ba1a7377bb297e0,sqlite-sync,10000,100,diff,append,3,9459,10571942.06575748,9459,9459,3176e894d24515910ab6bfb7c9c7624bbf45eaa0e8cc826e89a8e1f8161b06c3,86,299311,true,true,true,true
local-adapters,candidate,11,81357948363fdb51dbc201ae5ba1a7377bb297e0,sqlite-sync,10000,100,diff,clustered,3,9583,10435145.570280707,9583,9583,248213085e1db13263248cb7b60267666a7fd33653591b04593d8691dbb0cd7c,86,296404,true,true,true,true
local-adapters,candidate,12,81357948363fdb51dbc201ae5ba1a7377bb297e0,sqlite-sync,10000,100,diff,append,1,14959,6684938.832809679,14959,14959,3176e894d24515910ab6bfb7c9c7624bbf45eaa0e8cc826e89a8e1f8161b06c3,86,299311,true,true,true,true
local-adapters,candidate,12,81357948363fdb51dbc201ae5ba1a7377bb297e0,sqlite-sync,10000,100,diff,clustered,1,12583,7947230.390209013,12583,12583,248213085e1db13263248cb7b60267666a7fd33653591b04593d8691dbb0cd7c,86,296404,true,true,true,true
local-adapters,candidate,12,81357948363fdb51dbc201ae5ba1a7377bb297e0,sqlite-sync,10000,100,diff,append,2,8625,11594202.898550725,8625,8625,3176e894d24515910ab6bfb7c9c7624bbf45eaa0e8cc826e89a8e1f8161b06c3,86,299311,true,true,true,true
local-adapters,candidate,12,81357948363fdb51dbc201ae5ba1a7377bb297e0,sqlite-sync,10000,100,diff,clustered,2,12375,8080808.080808082,12375,12375,248213085e1db13263248cb7b60267666a7fd33653591b04593d8691dbb0cd7c,86,296404,true,true,true,true
local-adapters,candidate,12,81357948363fdb51dbc201ae5ba1a7377bb297e0,sqlite-sync,10000,100,diff,append,3,8542,11706860.220088972,8542,8542,3176e894d24515910ab6bfb7c9c7624bbf45eaa0e8cc826e89a8e1f8161b06c3,86,299311,true,true,true,true
local-adapters,candidate,12,81357948363fdb51dbc201ae5ba1a7377bb297e0,sqlite-sync,10000,100,diff,clustered,3,11083,9022827.754218172,11083,11083,248213085e1db13263248cb7b60267666a7fd33653591b04593d8691dbb0cd7c,86,296404,true,true,true,true
local-adapters,baseline,12,a2f4e7a3066d2259783c8d815b45c0461c77b06b,sqlite-sync,10000,100,diff,append,1,11791,8481044.864727335,11791,11791,3176e894d24515910ab6bfb7c9c7624bbf45eaa0e8cc826e89a8e1f8161b06c3,86,299311,true,true,true,true
local-adapters,baseline,12,a2f4e7a3066d2259783c8d815b45c0461c77b06b,sqlite-sync,10000,100,diff,clustered,1,12916,7742335.08826262,12916,12916,248213085e1db13263248cb7b60267666a7fd33653591b04593d8691dbb0cd7c,86,296404,true,true,true,true
local-adapters,baseline,12,a2f4e7a3066d2259783c8d815b45c0461c77b06b,sqlite-sync,10000,100,diff,append,2,8458,11823126.034523528,8458,8458,3176e894d24515910ab6bfb7c9c7624bbf45eaa0e8cc826e89a8e1f8161b06c3,86,299311,true,true,true,true
local-adapters,baseline,12,a2f4e7a3066d2259783c8d815b45c0461c77b06b,sqlite-sync,10000,100,diff,clustered,2,10291,9717228.646390049,10291,10291,248213085e1db13263248cb7b60267666a7fd33653591b04593d8691dbb0cd7c,86,296404,true,true,true,true
local-adapters,baseline,12,a2f4e7a3066d2259783c8d815b45c0461c77b06b,sqlite-sync,10000,100,diff,append,3,8666,11539349.180706209,8666,8666,3176e894d24515910ab6bfb7c9c7624bbf45eaa0e8cc826e89a8e1f8161b06c3,86,299311,true,true,true,true
local-adapters,baseline,12,a2f4e7a3066d2259783c8d815b45c0461c77b06b,sqlite-sync,10000,100,diff,clustered,3,10500,9523809.523809524,10500,10500,248213085e1db13263248cb7b60267666a7fd33653591b04593d8691dbb0cd7c,86,296404,true,true,true,true
local-adapters,baseline,13,a2f4e7a3066d2259783c8d815b45c0461c77b06b,sqlite-sync,10000,100,diff,append,1,16375,6106870.229007633,16375,16375,3176e894d24515910ab6bfb7c9c7624bbf45eaa0e8cc826e89a8e1f8161b06c3,86,299311,true,true,true,true
local-adapters,baseline,13,a2f4e7a3066d2259783c8d815b45c0461c77b06b,sqlite-sync,10000,100,diff,clustered,1,10708,9338812.103100486,10708,10708,248213085e1db13263248cb7b60267666a7fd33653591b04593d8691dbb0cd7c,86,296404,true,true,true,true
local-adapters,baseline,13,a2f4e7a3066d2259783c8d815b45c0461c77b06b,sqlite-sync,10000,100,diff,append,2,8292,12059816.6907863,8292,8292,3176e894d24515910ab6bfb7c9c7624bbf45eaa0e8cc826e89a8e1f8161b06c3,86,299311,true,true,true,true
local-adapters,baseline,13,a2f4e7a3066d2259783c8d815b45c0461c77b06b,sqlite-sync,10000,100,diff,clustered,2,13416,7453786.523553966,13416,13416,248213085e1db13263248cb7b60267666a7fd33653591b04593d8691dbb0cd7c,86,296404,true,true,true,true
local-adapters,baseline,13,a2f4e7a3066d2259783c8d815b45c0461c77b06b,sqlite-sync,10000,100,diff,append,3,7792,12833675.564681726,7792,7792,3176e894d24515910ab6bfb7c9c7624bbf45eaa0e8cc826e89a8e1f8161b06c3,86,299311,true,true,true,true
local-adapters,baseline,13,a2f4e7a3066d2259783c8d815b45c0461c77b06b,sqlite-sync,10000,100,diff,clustered,3,14250,7017543.859649123,14250,14250,248213085e1db13263248cb7b60267666a7fd33653591b04593d8691dbb0cd7c,86,296404,true,true,true,true
local-adapters,candidate,13,81357948363fdb51dbc201ae5ba1a7377bb297e0,sqlite-sync,10000,100,diff,append,1,17291,5783355.502862761,17291,17291,3176e894d24515910ab6bfb7c9c7624bbf45eaa0e8cc826e89a8e1f8161b06c3,86,299311,true,true,true,true
local-adapters,candidate,13,81357948363fdb51dbc201ae5ba1a7377bb297e0,sqlite-sync,10000,100,diff,clustered,1,10958,9125752.874612154,10958,10958,248213085e1db13263248cb7b60267666a7fd33653591b04593d8691dbb0cd7c,86,296404,true,true,true,true
local-adapters,candidate,13,81357948363fdb51dbc201ae5ba1a7377bb297e0,sqlite-sync,10000,100,diff,append,2,8458,11823126.034523528,8458,8458,3176e894d24515910ab6bfb7c9c7624bbf45eaa0e8cc826e89a8e1f8161b06c3,86,299311,true,true,true,true
local-adapters,candidate,13,81357948363fdb51dbc201ae5ba1a7377bb297e0,sqlite-sync,10000,100,diff,clustered,2,10417,9599692.809830084,10417,10417,248213085e1db13263248cb7b60267666a7fd33653591b04593d8691dbb0cd7c,86,296404,true,true,true,true
local-adapters,candidate,13,81357948363fdb51dbc201ae5ba1a7377bb297e0,sqlite-sync,10000,100,diff,append,3,9458,10573059.843518713,9458,9458,3176e894d24515910ab6bfb7c9c7624bbf45eaa0e8cc826e89a8e1f8161b06c3,86,299311,true,true,true,true
local-adapters,candidate,13,81357948363fdb51dbc201ae5ba1a7377bb297e0,sqlite-sync,10000,100,diff,clustered,3,10709,9337940.050424876,10709,10709,248213085e1db13263248cb7b60267666a7fd33653591b04593d8691dbb0cd7c,86,296404,true,true,true,true
local-adapters,candidate,14,81357948363fdb51dbc201ae5ba1a7377bb297e0,sqlite-sync,10000,100,diff,append,1,21125,4733727.810650888,21125,21125,3176e894d24515910ab6bfb7c9c7624bbf45eaa0e8cc826e89a8e1f8161b06c3,86,299311,true,true,true,true
local-adapters,candidate,14,81357948363fdb51dbc201ae5ba1a7377bb297e0,sqlite-sync,10000,100,diff,clustered,1,12458,8026970.621287527,12458,12458,248213085e1db13263248cb7b60267666a7fd33653591b04593d8691dbb0cd7c,86,296404,true,true,true,true
local-adapters,candidate,14,81357948363fdb51dbc201ae5ba1a7377bb297e0,sqlite-sync,10000,100,diff,append,2,7792,12833675.564681726,7792,7792,3176e894d24515910ab6bfb7c9c7624bbf45eaa0e8cc826e89a8e1f8161b06c3,86,299311,true,true,true,true
local-adapters,candidate,14,81357948363fdb51dbc201ae5ba1a7377bb297e0,sqlite-sync,10000,100,diff,clustered,2,9584,10434056.761268781,9584,9584,248213085e1db13263248cb7b60267666a7fd33653591b04593d8691dbb0cd7c,86,296404,true,true,true,true
local-adapters,candidate,14,81357948363fdb51dbc201ae5ba1a7377bb297e0,sqlite-sync,10000,100,diff,append,3,7458,13408420.488066506,7458,7458,3176e894d24515910ab6bfb7c9c7624bbf45eaa0e8cc826e89a8e1f8161b06c3,86,299311,true,true,true,true
local-adapters,candidate,14,81357948363fdb51dbc201ae5ba1a7377bb297e0,sqlite-sync,10000,100,diff,clustered,3,11417,8758868.354208637,11417,11417,248213085e1db13263248cb7b60267666a7fd33653591b04593d8691dbb0cd7c,86,296404,true,true,true,true
local-adapters,baseline,14,a2f4e7a3066d2259783c8d815b45c0461c77b06b,sqlite-sync,10000,100,diff,append,1,17458,5728032.993470042,17458,17458,3176e894d24515910ab6bfb7c9c7624bbf45eaa0e8cc826e89a8e1f8161b06c3,86,299311,true,true,true,true
local-adapters,baseline,14,a2f4e7a3066d2259783c8d815b45c0461c77b06b,sqlite-sync,10000,100,diff,clustered,1,11375,8791208.79120879,11375,11375,248213085e1db13263248cb7b60267666a7fd33653591b04593d8691dbb0cd7c,86,296404,true,true,true,true
local-adapters,baseline,14,a2f4e7a3066d2259783c8d815b45c0461c77b06b,sqlite-sync,10000,100,diff,append,2,8250,12121212.121212121,8250,8250,3176e894d24515910ab6bfb7c9c7624bbf45eaa0e8cc826e89a8e1f8161b06c3,86,299311,true,true,true,true
local-adapters,baseline,14,a2f4e7a3066d2259783c8d815b45c0461c77b06b,sqlite-sync,10000,100,diff,clustered,2,10083,9917683.22919766,10083,10083,248213085e1db13263248cb7b60267666a7fd33653591b04593d8691dbb0cd7c,86,296404,true,true,true,true
local-adapters,baseline,14,a2f4e7a3066d2259783c8d815b45c0461c77b06b,sqlite-sync,10000,100,diff,append,3,10375,9638554.21686747,10375,10375,3176e894d24515910ab6bfb7c9c7624bbf45eaa0e8cc826e89a8e1f8161b06c3,86,299311,true,true,true,true
local-adapters,baseline,14,a2f4e7a3066d2259783c8d815b45c0461c77b06b,sqlite-sync,10000,100,diff,clustered,3,10500,9523809.523809524,10500,10500,248213085e1db13263248cb7b60267666a7fd33653591b04593d8691dbb0cd7c,86,296404,true,true,true,true
local-adapters,baseline,15,a2f4e7a3066d2259783c8d815b45c0461c77b06b,sqlite-sync,10000,100,diff,append,1,11667,8571183.680466272,11667,11667,3176e894d24515910ab6bfb7c9c7624bbf45eaa0e8cc826e89a8e1f8161b06c3,86,299311,true,true,true,true
local-adapters,baseline,15,a2f4e7a3066d2259783c8d815b45c0461c77b06b,sqlite-sync,10000,100,diff,clustered,1,11542,8664009.703690868,11542,11542,248213085e1db13263248cb7b60267666a7fd33653591b04593d8691dbb0cd7c,86,296404,true,true,true,true
local-adapters,baseline,15,a2f4e7a3066d2259783c8d815b45c0461c77b06b,sqlite-sync,10000,100,diff,append,2,7875,12698412.698412698,7875,7875,3176e894d24515910ab6bfb7c9c7624bbf45eaa0e8cc826e89a8e1f8161b06c3,86,299311,true,true,true,true
local-adapters,baseline,15,a2f4e7a3066d2259783c8d815b45c0461c77b06b,sqlite-sync,10000,100,diff,clustered,2,12875,7766990.291262136,12875,12875,248213085e1db13263248cb7b60267666a7fd33653591b04593d8691dbb0cd7c,86,296404,true,true,true,true
local-adapters,baseline,15,a2f4e7a3066d2259783c8d815b45c0461c77b06b,sqlite-sync,10000,100,diff,append,3,8625,11594202.898550725,8625,8625,3176e894d24515910ab6bfb7c9c7624bbf45eaa0e8cc826e89a8e1f8161b06c3,86,299311,true,true,true,true
local-adapters,baseline,15,a2f4e7a3066d2259783c8d815b45c0461c77b06b,sqlite-sync,10000,100,diff,clustered,3,9917,10083694.665725522,9917,9917,248213085e1db13263248cb7b60267666a7fd33653591b04593d8691dbb0cd7c,86,296404,true,true,true,true
local-adapters,candidate,15,81357948363fdb51dbc201ae5ba1a7377bb297e0,sqlite-sync,10000,100,diff,append,1,14041,7121999.857560003,14041,14041,3176e894d24515910ab6bfb7c9c7624bbf45eaa0e8cc826e89a8e1f8161b06c3,86,299311,true,true,true,true
local-adapters,candidate,15,81357948363fdb51dbc201ae5ba1a7377bb297e0,sqlite-sync,10000,100,diff,clustered,1,13833,7229089.8575869305,13833,13833,248213085e1db13263248cb7b60267666a7fd33653591b04593d8691dbb0cd7c,86,296404,true,true,true,true
local-adapters,candidate,15,81357948363fdb51dbc201ae5ba1a7377bb297e0,sqlite-sync,10000,100,diff,append,2,9167,10908694.229300752,9167,9167,3176e894d24515910ab6bfb7c9c7624bbf45eaa0e8cc826e89a8e1f8161b06c3,86,299311,true,true,true,true
local-adapters,candidate,15,81357948363fdb51dbc201ae5ba1a7377bb297e0,sqlite-sync,10000,100,diff,clustered,2,15583,6417249.566835654,15583,15583,248213085e1db13263248cb7b60267666a7fd33653591b04593d8691dbb0cd7c,86,296404,true,true,true,true
local-adapters,candidate,15,81357948363fdb51dbc201ae5ba1a7377bb297e0,sqlite-sync,10000,100,diff,append,3,8958,11163206.072784103,8958,8958,3176e894d24515910ab6bfb7c9c7624bbf45eaa0e8cc826e89a8e1f8161b06c3,86,299311,true,true,true,true
local-adapters,candidate,15,81357948363fdb51dbc201ae5ba1a7377bb297e0,sqlite-sync,10000,100,diff,clustered,3,14375,6956521.739130435,14375,14375,248213085e1db13263248cb7b60267666a7fd33653591b04593d8691dbb0cd7c,86,296404,true,true,true,true
local-adapters,candidate,16,81357948363fdb51dbc201ae5ba1a7377bb297e0,sqlite-sync,10000,100,diff,append,1,14667,6818026.86302584,14667,14667,3176e894d24515910ab6bfb7c9c7624bbf45eaa0e8cc826e89a8e1f8161b06c3,86,299311,true,true,true,true
local-adapters,candidate,16,81357948363fdb51dbc201ae5ba1a7377bb297e0,sqlite-sync,10000,100,diff,clustered,1,11125,8988764.04494382,11125,11125,248213085e1db13263248cb7b60267666a7fd33653591b04593d8691dbb0cd7c,86,296404,true,true,true,true
local-adapters,candidate,16,81357948363fdb51dbc201ae5ba1a7377bb297e0,sqlite-sync,10000,100,diff,append,2,8458,11823126.034523528,8458,8458,3176e894d24515910ab6bfb7c9c7624bbf45eaa0e8cc826e89a8e1f8161b06c3,86,299311,true,true,true,true
local-adapters,candidate,16,81357948363fdb51dbc201ae5ba1a7377bb297e0,sqlite-sync,10000,100,diff,clustered,2,9709,10299721.907508498,9709,9709,248213085e1db13263248cb7b60267666a7fd33653591b04593d8691dbb0cd7c,86,296404,true,true,true,true
local-adapters,candidate,16,81357948363fdb51dbc201ae5ba1a7377bb297e0,sqlite-sync,10000,100,diff,append,3,8375,11940298.507462686,8375,8375,3176e894d24515910ab6bfb7c9c7624bbf45eaa0e8cc826e89a8e1f8161b06c3,86,299311,true,true,true,true
local-adapters,candidate,16,81357948363fdb51dbc201ae5ba1a7377bb297e0,sqlite-sync,10000,100,diff,clustered,3,17916,5581603.036392052,17916,17916,248213085e1db13263248cb7b60267666a7fd33653591b04593d8691dbb0cd7c,86,296404,true,true,true,true
local-adapters,baseline,16,a2f4e7a3066d2259783c8d815b45c0461c77b06b,sqlite-sync,10000,100,diff,append,1,12625,7920792.0792079205,12625,12625,3176e894d24515910ab6bfb7c9c7624bbf45eaa0e8cc826e89a8e1f8161b06c3,86,299311,true,true,true,true
local-adapters,baseline,16,a2f4e7a3066d2259783c8d815b45c0461c77b06b,sqlite-sync,10000,100,diff,clustered,1,10750,9302325.581395349,10750,10750,248213085e1db13263248cb7b60267666a7fd33653591b04593d8691dbb0cd7c,86,296404,true,true,true,true
local-adapters,baseline,16,a2f4e7a3066d2259783c8d815b45c0461c77b06b,sqlite-sync,10000,100,diff,append,2,7709,12971851.083149565,7709,7709,3176e894d24515910ab6bfb7c9c7624bbf45eaa0e8cc826e89a8e1f8161b06c3,86,299311,true,true,true,true
local-adapters,baseline,16,a2f4e7a3066d2259783c8d815b45c0461c77b06b,sqlite-sync,10000,100,diff,clustered,2,13459,7429972.509101717,13459,13459,248213085e1db13263248cb7b60267666a7fd33653591b04593d8691dbb0cd7c,86,296404,true,true,true,true
local-adapters,baseline,16,a2f4e7a3066d2259783c8d815b45c0461c77b06b,sqlite-sync,10000,100,diff,append,3,7750,12903225.806451613,7750,7750,3176e894d24515910ab6bfb7c9c7624bbf45eaa0e8cc826e89a8e1f8161b06c3,86,299311,true,true,true,true
local-adapters,baseline,16,a2f4e7a3066d2259783c8d815b45c0461c77b06b,sqlite-sync,10000,100,diff,clustered,3,9958,10042177.14400482,9958,9958,248213085e1db13263248cb7b60267666a7fd33653591b04593d8691dbb0cd7c,86,296404,true,true,true,true
local-adapters,baseline,17,a2f4e7a3066d2259783c8d815b45c0461c77b06b,sqlite-sync,10000,100,diff,append,1,11708,8541168.431841476,11708,11708,3176e894d24515910ab6bfb7c9c7624bbf45eaa0e8cc826e89a8e1f8161b06c3,86,299311,true,true,true,true
local-adapters,baseline,17,a2f4e7a3066d2259783c8d815b45c0461c77b06b,sqlite-sync,10000,100,diff,clustered,1,11166,8955758.552749418,11166,11166,248213085e1db13263248cb7b60267666a7fd33653591b04593d8691dbb0cd7c,86,296404,true,true,true,true
local-adapters,baseline,17,a2f4e7a3066d2259783c8d815b45c0461c77b06b,sqlite-sync,10000,100,diff,append,2,7666,13044612.57500652,7666,7666,3176e894d24515910ab6bfb7c9c7624bbf45eaa0e8cc826e89a8e1f8161b06c3,86,299311,true,true,true,true
local-adapters,baseline,17,a2f4e7a3066d2259783c8d815b45c0461c77b06b,sqlite-sync,10000,100,diff,clustered,2,10083,9917683.22919766,10083,10083,248213085e1db13263248cb7b60267666a7fd33653591b04593d8691dbb0cd7c,86,296404,true,true,true,true
local-adapters,baseline,17,a2f4e7a3066d2259783c8d815b45c0461c77b06b,sqlite-sync,10000,100,diff,append,3,7292,13713658.804168953,7292,7292,3176e894d24515910ab6bfb7c9c7624bbf45eaa0e8cc826e89a8e1f8161b06c3,86,299311,true,true,true,true
local-adapters,baseline,17,a2f4e7a3066d2259783c8d815b45c0461c77b06b,sqlite-sync,10000,100,diff,clustered,3,10500,9523809.523809524,10500,10500,248213085e1db13263248cb7b60267666a7fd33653591b04593d8691dbb0cd7c,86,296404,true,true,true,true
local-adapters,candidate,17,81357948363fdb51dbc201ae5ba1a7377bb297e0,sqlite-sync,10000,100,diff,append,1,15167,6593261.686556339,15167,15167,3176e894d24515910ab6bfb7c9c7624bbf45eaa0e8cc826e89a8e1f8161b06c3,86,299311,true,true,true,true
local-adapters,candidate,17,81357948363fdb51dbc201ae5ba1a7377bb297e0,sqlite-sync,10000,100,diff,clustered,1,11833,8450942.280064227,11833,11833,248213085e1db13263248cb7b60267666a7fd33653591b04593d8691dbb0cd7c,86,296404,true,true,true,true
local-adapters,candidate,17,81357948363fdb51dbc201ae5ba1a7377bb297e0,sqlite-sync,10000,100,diff,append,2,7917,12631047.113805734,7917,7917,3176e894d24515910ab6bfb7c9c7624bbf45eaa0e8cc826e89a8e1f8161b06c3,86,299311,true,true,true,true
local-adapters,candidate,17,81357948363fdb51dbc201ae5ba1a7377bb297e0,sqlite-sync,10000,100,diff,clustered,2,11250,8888888.888888888,11250,11250,248213085e1db13263248cb7b60267666a7fd33653591b04593d8691dbb0cd7c,86,296404,true,true,true,true
local-adapters,candidate,17,81357948363fdb51dbc201ae5ba1a7377bb297e0,sqlite-sync,10000,100,diff,append,3,9791,10213461.34204882,9791,9791,3176e894d24515910ab6bfb7c9c7624bbf45eaa0e8cc826e89a8e1f8161b06c3,86,299311,true,true,true,true
local-adapters,candidate,17,81357948363fdb51dbc201ae5ba1a7377bb297e0,sqlite-sync,10000,100,diff,clustered,3,12250,8163265.306122449,12250,12250,248213085e1db13263248cb7b60267666a7fd33653591b04593d8691dbb0cd7c,86,296404,true,true,true,true
local-adapters,candidate,18,81357948363fdb51dbc201ae5ba1a7377bb297e0,sqlite-sync,10000,100,diff,append,1,14209,7037792.948131465,14209,14209,3176e894d24515910ab6bfb7c9c7624bbf45eaa0e8cc826e89a8e1f8161b06c3,86,299311,true,true,true,true
local-adapters,candidate,18,81357948363fdb51dbc201ae5ba1a7377bb297e0,sqlite-sync,10000,100,diff,clustered,1,11209,8921402.44446427,11209,11209,248213085e1db13263248cb7b60267666a7fd33653591b04593d8691dbb0cd7c,86,296404,true,true,true,true
local-adapters,candidate,18,81357948363fdb51dbc201ae5ba1a7377bb297e0,sqlite-sync,10000,100,diff,append,2,8292,12059816.6907863,8292,8292,3176e894d24515910ab6bfb7c9c7624bbf45eaa0e8cc826e89a8e1f8161b06c3,86,299311,true,true,true,true
local-adapters,candidate,18,81357948363fdb51dbc201ae5ba1a7377bb297e0,sqlite-sync,10000,100,diff,clustered,2,9833,10169836.265636122,9833,9833,248213085e1db13263248cb7b60267666a7fd33653591b04593d8691dbb0cd7c,86,296404,true,true,true,true
local-adapters,candidate,18,81357948363fdb51dbc201ae5ba1a7377bb297e0,sqlite-sync,10000,100,diff,append,3,8375,11940298.507462686,8375,8375,3176e894d24515910ab6bfb7c9c7624bbf45eaa0e8cc826e89a8e1f8161b06c3,86,299311,true,true,true,true
local-adapters,candidate,18,81357948363fdb51dbc201ae5ba1a7377bb297e0,sqlite-sync,10000,100,diff,clustered,3,18708,5345306.820611503,18708,18708,248213085e1db13263248cb7b60267666a7fd33653591b04593d8691dbb0cd7c,86,296404,true,true,true,true
local-adapters,baseline,18,a2f4e7a3066d2259783c8d815b45c0461c77b06b,sqlite-sync,10000,100,diff,append,1,12125,8247422.680412371,12125,12125,3176e894d24515910ab6bfb7c9c7624bbf45eaa0e8cc826e89a8e1f8161b06c3,86,299311,true,true,true,true
local-adapters,baseline,18,a2f4e7a3066d2259783c8d815b45c0461c77b06b,sqlite-sync,10000,100,diff,clustered,1,10667,9374707.040404988,10667,10667,248213085e1db13263248cb7b60267666a7fd33653591b04593d8691dbb0cd7c,86,296404,true,true,true,true
local-adapters,baseline,18,a2f4e7a3066d2259783c8d815b45c0461c77b06b,sqlite-sync,10000,100,diff,append,2,7875,12698412.698412698,7875,7875,3176e894d24515910ab6bfb7c9c7624bbf45eaa0e8cc826e89a8e1f8161b06c3,86,299311,true,true,true,true
local-adapters,baseline,18,a2f4e7a3066d2259783c8d815b45c0461c77b06b,sqlite-sync,10000,100,diff,clustered,2,9375,10666666.666666668,9375,9375,248213085e1db13263248cb7b60267666a7fd33653591b04593d8691dbb0cd7c,86,296404,true,true,true,true
local-adapters,baseline,18,a2f4e7a3066d2259783c8d815b45c0461c77b06b,sqlite-sync,10000,100,diff,append,3,7583,13187392.852433074,7583,7583,3176e894d24515910ab6bfb7c9c7624bbf45eaa0e8cc826e89a8e1f8161b06c3,86,299311,true,true,true,true
local-adapters,baseline,18,a2f4e7a3066d2259783c8d815b45c0461c77b06b,sqlite-sync,10000,100,diff,clustered,3,11667,8571183.680466272,11667,11667,248213085e1db13263248cb7b60267666a7fd33653591b04593d8691dbb0cd7c,86,296404,true,true,true,true
local-adapters,baseline,19,a2f4e7a3066d2259783c8d815b45c0461c77b06b,sqlite-sync,10000,100,diff,append,1,12209,8190679.007289705,12209,12209,3176e894d24515910ab6bfb7c9c7624bbf45eaa0e8cc826e89a8e1f8161b06c3,86,299311,true,true,true,true
local-adapters,baseline,19,a2f4e7a3066d2259783c8d815b45c0461c77b06b,sqlite-sync,10000,100,diff,clustered,1,10875,9195402.298850575,10875,10875,248213085e1db13263248cb7b60267666a7fd33653591b04593d8691dbb0cd7c,86,296404,true,true,true,true
local-adapters,baseline,19,a2f4e7a3066d2259783c8d815b45c0461c77b06b,sqlite-sync,10000,100,diff,append,2,7875,12698412.698412698,7875,7875,3176e894d24515910ab6bfb7c9c7624bbf45eaa0e8cc826e89a8e1f8161b06c3,86,299311,true,true,true,true
local-adapters,baseline,19,a2f4e7a3066d2259783c8d815b45c0461c77b06b,sqlite-sync,10000,100,diff,clustered,2,10958,9125752.874612154,10958,10958,248213085e1db13263248cb7b60267666a7fd33653591b04593d8691dbb0cd7c,86,296404,true,true,true,true
local-adapters,baseline,19,a2f4e7a3066d2259783c8d815b45c0461c77b06b,sqlite-sync,10000,100,diff,append,3,7959,12564392.511622064,7959,7959,3176e894d24515910ab6bfb7c9c7624bbf45eaa0e8cc826e89a8e1f8161b06c3,86,299311,true,true,true,true
local-adapters,baseline,19,a2f4e7a3066d2259783c8d815b45c0461c77b06b,sqlite-sync,10000,100,diff,clustered,3,9917,10083694.665725522,9917,9917,248213085e1db13263248cb7b60267666a7fd33653591b04593d8691dbb0cd7c,86,296404,true,true,true,true
local-adapters,candidate,19,81357948363fdb51dbc201ae5ba1a7377bb297e0,sqlite-sync,10000,100,diff,append,1,18167,5504486.156217317,18167,18167,3176e894d24515910ab6bfb7c9c7624bbf45eaa0e8cc826e89a8e1f8161b06c3,86,299311,true,true,true,true
local-adapters,candidate,19,81357948363fdb51dbc201ae5ba1a7377bb297e0,sqlite-sync,10000,100,diff,clustered,1,11000,9090909.090909092,11000,11000,248213085e1db13263248cb7b60267666a7fd33653591b04593d8691dbb0cd7c,86,296404,true,true,true,true
local-adapters,candidate,19,81357948363fdb51dbc201ae5ba1a7377bb297e0,sqlite-sync,10000,100,diff,append,2,8083,12371644.191513052,8083,8083,3176e894d24515910ab6bfb7c9c7624bbf45eaa0e8cc826e89a8e1f8161b06c3,86,299311,true,true,true,true
local-adapters,candidate,19,81357948363fdb51dbc201ae5ba1a7377bb297e0,sqlite-sync,10000,100,diff,clustered,2,10417,9599692.809830084,10417,10417,248213085e1db13263248cb7b60267666a7fd33653591b04593d8691dbb0cd7c,86,296404,true,true,true,true
local-adapters,candidate,19,81357948363fdb51dbc201ae5ba1a7377bb297e0,sqlite-sync,10000,100,diff,append,3,7583,13187392.852433074,7583,7583,3176e894d24515910ab6bfb7c9c7624bbf45eaa0e8cc826e89a8e1f8161b06c3,86,299311,true,true,true,true
local-adapters,candidate,19,81357948363fdb51dbc201ae5ba1a7377bb297e0,sqlite-sync,10000,100,diff,clustered,3,9917,10083694.665725522,9917,9917,248213085e1db13263248cb7b60267666a7fd33653591b04593d8691dbb0cd7c,86,296404,true,true,true,true
local-adapters,candidate,20,81357948363fdb51dbc201ae5ba1a7377bb297e0,sqlite-sync,10000,100,diff,append,1,16417,6091246.878235975,16417,16417,3176e894d24515910ab6bfb7c9c7624bbf45eaa0e8cc826e89a8e1f8161b06c3,86,299311,true,true,true,true
local-adapters,candidate,20,81357948363fdb51dbc201ae5ba1a7377bb297e0,sqlite-sync,10000,100,diff,clustered,1,11208,8922198.429693077,11208,11208,248213085e1db13263248cb7b60267666a7fd33653591b04593d8691dbb0cd7c,86,296404,true,true,true,true
local-adapters,candidate,20,81357948363fdb51dbc201ae5ba1a7377bb297e0,sqlite-sync,10000,100,diff,append,2,9792,10212418.300653594,9792,9792,3176e894d24515910ab6bfb7c9c7624bbf45eaa0e8cc826e89a8e1f8161b06c3,86,299311,true,true,true,true
local-adapters,candidate,20,81357948363fdb51dbc201ae5ba1a7377bb297e0,sqlite-sync,10000,100,diff,clustered,2,10500,9523809.523809524,10500,10500,248213085e1db13263248cb7b60267666a7fd33653591b04593d8691dbb0cd7c,86,296404,true,true,true,true
local-adapters,candidate,20,81357948363fdb51dbc201ae5ba1a7377bb297e0,sqlite-sync,10000,100,diff,append,3,7584,13185654.008438818,7584,7584,3176e894d24515910ab6bfb7c9c7624bbf45eaa0e8cc826e89a8e1f8161b06c3,86,299311,true,true,true,true
local-adapters,candidate,20,81357948363fdb51dbc201ae5ba1a7377bb297e0,sqlite-sync,10000,100,diff,clustered,3,9500,10526315.789473685,9500,9500,248213085e1db13263248cb7b60267666a7fd33653591b04593d8691dbb0cd7c,86,296404,true,true,true,true
local-adapters,baseline,20,a2f4e7a3066d2259783c8d815b45c0461c77b06b,sqlite-sync,10000,100,diff,append,1,11458,8727526.618956188,11458,11458,3176e894d24515910ab6bfb7c9c7624bbf45eaa0e8cc826e89a8e1f8161b06c3,86,299311,true,true,true,true
local-adapters,baseline,20,a2f4e7a3066d2259783c8d815b45c0461c77b06b,sqlite-sync,10000,100,diff,clustered,1,11209,8921402.44446427,11209,11209,248213085e1db13263248cb7b60267666a7fd33653591b04593d8691dbb0cd7c,86,296404,true,true,true,true
local-adapters,baseline,20,a2f4e7a3066d2259783c8d815b45c0461c77b06b,sqlite-sync,10000,100,diff,append,2,7542,13259082.471492972,7542,7542,3176e894d24515910ab6bfb7c9c7624bbf45eaa0e8cc826e89a8e1f8161b06c3,86,299311,true,true,true,true
local-adapters,baseline,20,a2f4e7a3066d2259783c8d815b45c0461c77b06b,sqlite-sync,10000,100,diff,clustered,2,12208,8191349.9344692,12208,12208,248213085e1db13263248cb7b60267666a7fd33653591b04593d8691dbb0cd7c,86,296404,true,true,true,true
local-adapters,baseline,20,a2f4e7a3066d2259783c8d815b45c0461c77b06b,sqlite-sync,10000,100,diff,append,3,8292,12059816.6907863,8292,8292,3176e894d24515910ab6bfb7c9c7624bbf45eaa0e8cc826e89a8e1f8161b06c3,86,299311,true,true,true,true
local-adapters,baseline,20,a2f4e7a3066d2259783c8d815b45c0461c77b06b,sqlite-sync,10000,100,diff,clustered,3,10458,9562057.754828839,10458,10458,248213085e1db13263248cb7b60267666a7fd33653591b04593d8691dbb0cd7c,86,296404,true,true,true,true
